Formula,Li_pfu,Li_site_dopant,Li_site_amount,Zr_site_dopant,Zr_site_amount,base_type,charge_check,predicted_log_sigma,predicted_sigma
Li6.200Fe0.10La3Zr1.50Ta0.50O12,6.2,Fe,0.1,Ta,0.5,Fe+Ta,0.0,-3.11484679161415,0.0007676322433311147
Li6.200Ga0.10La3Zr1.50Ta0.50O12,6.2,Ga,0.1,Ta,0.5,Ga+Ta,0.0,-3.140029887154569,0.000724386107761788
Li6.400Fe0.10La3Zr1.70Ta0.30O12,6.4,Fe,0.1,Ta,0.3,Fe+Ta,0.0,-3.2420693463438375,0.0005727045765900905
Li6.200Fe0.10La3Zr1.50Nb0.50O12,6.2,Fe,0.1,Nb,0.5,Fe+Nb,0.0,-3.2527413934172933,0.0005588028424742598
Li6.300Fe0.10La3Zr1.60Ta0.40O12,6.3,Fe,0.1,Ta,0.4,Fe+Ta,0.0,-3.2617049903022894,0.0005473876688280858
Li6.150Fe0.15La3Zr1.60Ta0.40O12,6.15,Fe,0.15,Ta,0.4,Fe+Ta,0.0,-3.2661894742405218,0.0005417644775236219
Li6.450Fe0.10La3Zr1.75Ta0.25O12,6.45,Fe,0.1,Ta,0.25,Fe+Ta,0.0,-3.2733453876917507,0.0005329109111015511
Li6.200Al0.10La3Zr1.50Ta0.50O12,6.2,Al,0.1,Ta,0.5,Al+Ta,0.0,-3.2777650100245213,0.0005275152144768021
Li6.400Fe0.10La3Zr1.70Nb0.30O12,6.4,Fe,0.1,Nb,0.3,Fe+Nb,0.0,-3.281230909004754,0.0005233221187050551
Li6.150Fe0.20La3Zr1.75Nb0.25O12,6.15,Fe,0.2,Nb,0.25,Fe+Nb,0.0,-3.286249483307803,0.0005173095747068186
Li6.150Fe0.20La3Zr1.75Ta0.25O12,6.15,Fe,0.2,Ta,0.25,Fe+Ta,0.0,-3.2907464069150567,0.0005119807038713037
Li6.150Fe0.15La3Zr1.60Nb0.40O12,6.15,Fe,0.15,Nb,0.4,Fe+Nb,0.0,-3.2915404639359265,0.0005110454618673362
Li6.250Fe0.15La3Zr1.70Ta0.30O12,6.25,Fe,0.15,Ta,0.3,Fe+Ta,0.0,-3.294522233363872,0.0005075487548051215
Li6.350Ga0.15La3Zr1.80Nb0.20O12,6.35,Ga,0.15,Nb,0.2,Ga+Nb,0.0,-3.2947830936577716,0.0005072439856500964
Li6.300Fe0.15La3Zr1.75Ta0.25O12,6.3,Fe,0.15,Ta,0.25,Fe+Ta,0.0,-3.2977285325061723,0.0005038154338249148
Li6.350Fe0.15La3Zr1.80Ta0.20O12,6.35,Fe,0.15,Ta,0.2,Fe+Ta,0.0,-3.300823427809263,0.0005002378765988185
Li6.300Fe0.10La3Zr1.60Nb0.40O12,6.3,Fe,0.1,Nb,0.4,Fe+Nb,0.0,-3.301033015494981,0.0004999965233031655
Li6.450Fe0.10La3Zr1.75Nb0.25O12,6.45,Fe,0.1,Nb,0.25,Fe+Nb,0.0,-3.301602476017728,0.0004993413418476488
Li6.350Ga0.15La3Zr1.80Ta0.20O12,6.35,Ga,0.15,Ta,0.2,Ga+Ta,0.0,-3.3025967384100987,0.0004981994704646697
Li6.100Fe0.10La3Zr1.70W0.30O12,6.1,Fe,0.1,W,0.3,Fe+W,0.0,-3.3034227259528866,0.0004972528420869012
Li6.350Fe0.15La3Zr1.80Nb0.20O12,6.35,Fe,0.15,Nb,0.2,Fe+Nb,0.0,-3.305396646532688,0.0004949978965796386
Li6.250Fe0.15La3Zr1.70Nb0.30O12,6.25,Fe,0.15,Nb,0.3,Fe+Nb,0.0,-3.3078465948345865,0.00049221336874212
Li6.300Fe0.15La3Zr1.75Nb0.25O12,6.3,Fe,0.15,Nb,0.25,Fe+Nb,0.0,-3.3085324588093163,0.0004914366492591617
Li6.400Ga0.10La3Zr1.70Ta0.30O12,6.4,Ga,0.1,Ta,0.3,Ga+Ta,0.0,-3.3102473137966397,0.0004894999888012111
Li6.150Ga0.15La3Zr1.60Ta0.40O12,6.15,Ga,0.15,Ta,0.4,Ga+Ta,0.0,-3.3152406978072086,0.0004839041004441636
Li6.200Fe0.20La3Zr1.80Nb0.20O12,6.2,Fe,0.2,Nb,0.2,Fe+Nb,0.0,-3.316817930511389,0.0004821498871947506
Li6.400Fe0.10La3Zr1.70Sb0.30O12,6.4,Fe,0.1,Sb,0.3,Fe+Sb,0.0,-3.3224670525295203,0.0004759188948989976
Li6.350Ga0.15La3Zr1.80Sb0.20O12,6.35,Ga,0.15,Sb,0.2,Ga+Sb,0.0,-3.3273367717803546,0.00047061225062976935
Li6.150Fe0.20La3Zr1.75Sb0.25O12,6.15,Fe,0.2,Sb,0.25,Fe+Sb,0.0,-3.327928339664964,0.0004699716494188366
Li6.150Ga0.15La3Zr1.60Nb0.40O12,6.15,Ga,0.15,Nb,0.4,Ga+Nb,0.0,-3.328850367353601,0.00046897493582858334
Li6.150Fe0.15La3Zr1.60Sb0.40O12,6.15,Fe,0.15,Sb,0.4,Fe+Sb,0.0,-3.3314015443672544,0.00046622811108755664
Li6.500Fe0.10La3Zr1.80Ta0.20O12,6.5,Fe,0.1,Ta,0.2,Fe+Ta,0.0,-3.331430983486462,0.0004661965083840247
Li6.300Ga0.10La3Zr1.60Ta0.40O12,6.3,Ga,0.1,Ta,0.4,Ga+Ta,0.0,-3.3315817127599905,0.0004660347350452797
Li6.200Ga0.10La3Zr1.50Nb0.50O12,6.2,Ga,0.1,Nb,0.5,Ga+Nb,0.0,-3.3316561047071307,0.0004659549130266332
Li6.500Fe0.10La3Zr1.80Nb0.20O12,6.5,Fe,0.1,Nb,0.2,Fe+Nb,0.0,-3.3329820825191105,0.0004645344399038672
Li6.200Fe0.20La3Zr1.80Ta0.20O12,6.2,Fe,0.2,Ta,0.2,Fe+Ta,0.0,-3.3334163211841252,0.00046407019729753326
Li6.150Ga0.20La3Zr1.75Nb0.25O12,6.15,Ga,0.2,Nb,0.25,Ga+Nb,0.0,-3.3355135390603725,0.00046183459405190136
Li6.450Ga0.10La3Zr1.75Ta0.25O12,6.45,Ga,0.1,Ta,0.25,Ga+Ta,0.0,-3.338604262336894,0.0004585595448616119
Li6.300Fe0.10La3Zr1.60Sb0.40O12,6.3,Fe,0.1,Sb,0.4,Fe+Sb,0.0,-3.3405955484319003,0.00045646181372321215
Li6.300Ga0.15La3Zr1.75Ta0.25O12,6.3,Ga,0.15,Ta,0.25,Ga+Ta,0.0,-3.3426155179955424,0.0004543436702560768
Li6.200Fe0.10La3Zr1.75W0.25O12,6.2,Fe,0.1,W,0.25,Fe+W,0.0,-3.343011443101645,0.0004539296560293733
Li6.450Fe0.10La3Zr1.75Sb0.25O12,6.45,Fe,0.1,Sb,0.25,Fe+Sb,0.0,-3.34515409772885,0.0004516956438737776
Li6.300Ga0.15La3Zr1.75Nb0.25O12,6.3,Ga,0.15,Nb,0.25,Ga+Nb,0.0,-3.346320003791383,0.00045048464893258244
Li6.350Fe0.15La3Zr1.80Sb0.20O12,6.35,Fe,0.15,Sb,0.2,Fe+Sb,0.0,-3.34666418535787,0.0004501277779699275
Li6.250Fe0.15La3Zr1.70Sb0.30O12,6.25,Fe,0.15,Sb,0.3,Fe+Sb,0.0,-3.348017145612626,0.0004487276741594597
Li6.150Fe0.15La3Zr1.80W0.20O12,6.15,Fe,0.15,W,0.2,Fe+W,0.0,-3.3481348102228488,0.0004486061155922149
Li6.250Ga0.15La3Zr1.70Ta0.30O12,6.25,Ga,0.15,Ta,0.3,Ga+Ta,0.0,-3.3495643202132555,0.0004471319254105924
Li6.300Fe0.15La3Zr1.75Sb0.25O12,6.3,Fe,0.15,Sb,0.25,Fe+Sb,0.0,-3.3502682421632346,0.00044640778303432413
Li6.250Ga0.15La3Zr1.70Nb0.30O12,6.25,Ga,0.15,Nb,0.3,Ga+Nb,0.0,-3.3510369377877196,0.0004456183458761553
Li6.150Ga0.20La3Zr1.75Ta0.25O12,6.15,Ga,0.2,Ta,0.25,Ga+Ta,0.0,-3.3525220242462104,0.00044409713942906905
Li6.350Ga0.15La3Zr1.90W0.10O12,6.35,Ga,0.15,W,0.1,Ga+W,0.0,-3.3547229457978514,0.0004418522330629875
Li6.200Fe0.20La3Zr1.80Sb0.20O12,6.2,Fe,0.2,Sb,0.2,Fe+Sb,0.0,-3.3564473682249507,0.0004401012801002056
Li6.400Ga0.10La3Zr1.70Nb0.30O12,6.4,Ga,0.1,Nb,0.3,Ga+Nb,0.0,-3.3599941929815804,0.0004365216689996251
Li6.300Fe0.10La3Zr1.80W0.20O12,6.3,Fe,0.1,W,0.2,Fe+W,-0.0,-3.3624668932058683,0.0004340433500336653
Li6.150Ga0.15La3Zr1.60Sb0.40O12,6.15,Ga,0.15,Sb,0.4,Ga+Sb,0.0,-3.371679810251614,0.000424932736155751
Li6.200Ga0.20La3Zr1.80Nb0.20O12,6.2,Ga,0.2,Nb,0.2,Ga+Nb,0.0,-3.372705387112482,0.0004239304507546633
Li6.450Ga0.10La3Zr1.75Nb0.25O12,6.45,Ga,0.1,Nb,0.25,Ga+Nb,0.0,-3.3740442671607305,0.0004226255343124071
Li6.500Fe0.10La3Zr1.80Sb0.20O12,6.5,Fe,0.1,Sb,0.2,Fe+Sb,0.0,-3.3744628462514266,0.00042221839814974503
Li6.150Ga0.20La3Zr1.75Sb0.25O12,6.15,Ga,0.2,Sb,0.25,Ga+Sb,0.0,-3.3795382181686127,0.00041731287307231706
Li6.300Ga0.10La3Zr1.60Nb0.40O12,6.3,Ga,0.1,Nb,0.4,Ga+Nb,0.0,-3.385478429100299,0.0004116437926614328
Li6.300Ga0.15La3Zr1.75Sb0.25O12,6.3,Ga,0.15,Sb,0.25,Ga+Sb,0.0,-3.388281915144856,0.0004089950810878522
Li6.150Ga0.15La3Zr1.80W0.20O12,6.15,Ga,0.15,W,0.2,Ga+W,0.0,-3.3885384655057975,0.00040875354716515816
Li6.100Ga0.10La3Zr1.70W0.30O12,6.1,Ga,0.1,W,0.3,Ga+W,0.0,-3.3920582358143947,0.00040545416327109307
Li6.250Ga0.15La3Zr1.70Sb0.30O12,6.25,Ga,0.15,Sb,0.3,Ga+Sb,0.0,-3.394302538070809,0.00040336430357202735
Li6.350Fe0.15La3Zr1.90W0.10O12,6.35,Fe,0.15,W,0.1,Fe+W,0.0,-3.3966193005394096,0.0004012182686080061
Li6.450Ga0.15La3Zr1.90Sb0.10O12,6.45,Ga,0.15,Sb,0.1,Ga+Sb,0.0,-3.3983251878000322,0.00039964539418725956
Li6.450Ga0.15La3Zr1.90Nb0.10O12,6.45,Ga,0.15,Nb,0.1,Ga+Nb,0.0,-3.3983251878000322,0.00039964539418725956
Li6.450Ga0.15La3Zr1.90Ta0.10O12,6.45,Ga,0.15,Ta,0.1,Ga+Ta,0.0,-3.4015859399783492,0.00039665602923846224
Li6.200Ga0.20La3Zr1.80Ta0.20O12,6.2,Ga,0.2,Ta,0.2,Ga+Ta,0.0,-3.4079360645552663,0.0003908984383746684
Li6.400Ga0.10La3Zr1.70Sb0.30O12,6.4,Ga,0.1,Sb,0.3,Ga+Sb,0.0,-3.4122744118228474,0.0003870130309219924
Li6.200Ga0.20La3Zr1.80Sb0.20O12,6.2,Ga,0.2,Sb,0.2,Ga+Sb,0.0,-3.413429276548487,0.00038598526292849667
Li6.500Ga0.10La3Zr1.80Ta0.20O12,6.5,Ga,0.1,Ta,0.2,Ga+Ta,0.0,-3.4186303087634116,0.0003813903420756599
Li6.500Ga0.10La3Zr1.80Nb0.20O12,6.5,Ga,0.1,Nb,0.2,Ga+Nb,0.0,-3.421581109435988,0.0003788077804784959
Li6.200Fe0.20La3Zr1.90W0.10O12,6.2,Fe,0.2,W,0.1,Fe+W,0.0,-3.4240515782383927,0.00037665906306062617
Li6.450Ga0.10La3Zr1.75Sb0.25O12,6.45,Ga,0.1,Sb,0.25,Ga+Sb,0.0,-3.4288335568284305,0.00037253445256623963
Li6.300Fe0.20La3Zr1.90Nb0.10O12,6.3,Fe,0.2,Nb,0.1,Fe+Nb,0.0,-3.43020840802702,0.0003713569805778069
Li6.300Fe0.20La3Zr1.90Sb0.10O12,6.3,Fe,0.2,Sb,0.1,Fe+Sb,0.0,-3.43020840802702,0.0003713569805778069
Li6.150Ga0.25La3Zr1.90Nb0.10O12,6.15,Ga,0.25,Nb,0.1,Ga+Nb,0.0,-3.4316450212337806,0.000370130589374734
Li6.150Ga0.25La3Zr1.90Sb0.10O12,6.15,Ga,0.25,Sb,0.1,Ga+Sb,0.0,-3.4316450212337806,0.000370130589374734
Li6.300Fe0.20La3Zr1.90Ta0.10O12,6.3,Fe,0.2,Ta,0.1,Fe+Ta,0.0,-3.4323694130717195,0.0003695137358222989
Li6.150Al0.20La3Zr1.75Nb0.25O12,6.15,Al,0.2,Nb,0.25,Al+Nb,0.0,-3.4327392471078637,0.00036919920135089664
Li6.150Ga0.25La3Zr1.90Ta0.10O12,6.15,Ga,0.25,Ta,0.1,Ga+Ta,0.0,-3.4345126954717915,0.0003676946446226742
Li6.200Ga0.10La3Zr1.75W0.25O12,6.2,Ga,0.1,W,0.25,Ga+W,0.0,-3.4350853804889407,0.00036721010142256054
Li6.300Ga0.10La3Zr1.60Sb0.40O12,6.3,Ga,0.1,Sb,0.4,Ga+Sb,0.0,-3.436166550974403,0.0003662970735901035
Li6.500Fe0.10La3Zr1.90W0.10O12,6.5,Fe,0.1,W,0.1,Fe+W,0.0,-3.436587239178026,0.000365942424259153
Li6.400Al0.10La3Zr1.70Ta0.30O12,6.4,Al,0.1,Ta,0.3,Al+Ta,0.0,-3.4366860982484035,0.0003658591337449659
Li6.200Al0.10La3Zr1.50Nb0.50O12,6.2,Al,0.1,Nb,0.5,Al+Nb,0.0,-3.4369389138338806,0.0003656462183657047
Li6.300Al0.10La3Zr1.60Ta0.40O12,6.3,Al,0.1,Ta,0.4,Al+Ta,0.0,-3.4394857025067602,0.00036350827147571454
Li6.450Fe0.15La3Zr1.90Sb0.10O12,6.45,Fe,0.15,Sb,0.1,Fe+Sb,0.0,-3.4408290192244833,0.00036238564075991323
Li6.450Fe0.15La3Zr1.90Nb0.10O12,6.45,Fe,0.15,Nb,0.1,Fe+Nb,0.0,-3.4408290192244833,0.00036238564075991323
Li6.150Al0.20La3Zr1.75Ta0.25O12,6.15,Al,0.2,Ta,0.25,Al+Ta,0.0,-3.4431475114834473,0.0003604561904907929
Li6.450Fe0.15La3Zr1.90Ta0.10O12,6.45,Fe,0.15,Ta,0.1,Fe+Ta,0.0,-3.4438676522745295,0.0003598589825578053
Li6.600Fe0.10La3Zr1.90Sb0.10O12,6.6,Fe,0.1,Sb,0.1,Fe+Sb,0.0,-3.461112851183279,0.00034584949734645174
Li6.600Fe0.10La3Zr1.90Nb0.10O12,6.6,Fe,0.1,Nb,0.1,Fe+Nb,0.0,-3.461112851183279,0.00034584949734645174
Li6.200Al0.20La3Zr1.80Nb0.20O12,6.2,Al,0.2,Nb,0.2,Al+Nb,0.0,-3.463484765116135,0.00034396577735655587
Li6.600Fe0.10La3Zr1.90Ta0.10O12,6.6,Fe,0.1,Ta,0.1,Fe+Ta,0.0,-3.464853059920934,0.0003428837789185367
Li6.300Ga0.10La3Zr1.80W0.20O12,6.3,Ga,0.1,W,0.2,Ga+W,-0.0,-3.465222203688339,0.0003425924566989464
Li6.200Ga0.20La3Zr1.90W0.10O12,6.2,Ga,0.2,W,0.1,Ga+W,0.0,-3.4652590427225887,0.0003425633975224928
Li6.400Al0.10La3Zr1.70Nb0.30O12,6.4,Al,0.1,Nb,0.3,Al+Nb,0.0,-3.4656579738187294,0.0003422488725840713
Li6.300Ga0.20La3Zr1.90Nb0.10O12,6.3,Ga,0.2,Nb,0.1,Ga+Nb,0.0,-3.46877338050248,0.0003398025389294595
Li6.300Ga0.20La3Zr1.90Sb0.10O12,6.3,Ga,0.2,Sb,0.1,Ga+Sb,0.0,-3.46877338050248,0.0003398025389294595
Li6.300Ga0.20La3Zr1.90Ta0.10O12,6.3,Ga,0.2,Ta,0.1,Ga+Ta,0.0,-3.4716410547404912,0.00033756619252847637
Li6.300Al0.10La3Zr1.60Nb0.40O12,6.3,Al,0.1,Nb,0.4,Al+Nb,0.0,-3.472982792024273,0.0003365249031798151
Li6.500Ga0.10La3Zr1.80Sb0.20O12,6.5,Ga,0.1,Sb,0.2,Ga+Sb,0.0,-3.472990552906378,0.00033651888950275493
Li6.150Al0.20La3Zr1.75Sb0.25O12,6.15,Al,0.2,Sb,0.25,Al+Sb,0.0,-3.475237554261724,0.00033478226688128237
Li6.150Al0.15La3Zr1.60Ta0.40O12,6.15,Al,0.15,Ta,0.4,Al+Ta,0.0,-3.476764460016472,0.0003336072959098658
Li6.200Al0.20La3Zr1.80Ta0.20O12,6.2,Al,0.2,Ta,0.2,Al+Ta,0.0,-3.484050591231883,0.00032805707531624687
Li6.450Al0.10La3Zr1.75Ta0.25O12,6.45,Al,0.1,Ta,0.25,Al+Ta,0.0,-3.484739746922784,0.0003275369141666205
Li6.100Al0.10La3Zr1.70W0.30O12,6.1,Al,0.1,W,0.3,Al+W,0.0,-3.486246648443486,0.00032640240612127045
Li6.150Al0.15La3Zr1.60Nb0.40O12,6.15,Al,0.15,Nb,0.4,Al+Nb,0.0,-3.493367350358229,0.00032109433956482115
Li6.250Al0.15La3Zr1.70Ta0.30O12,6.25,Al,0.15,Ta,0.3,Al+Ta,0.0,-3.502296278996303,0.0003145601628603587
Li6.200Al0.10La3Zr1.75W0.25O12,6.2,Al,0.1,W,0.25,Al+W,0.0,-3.5027721819332003,0.00031421565442124654
Li6.200Al0.20La3Zr1.80Sb0.20O12,6.2,Al,0.2,Sb,0.2,Al+Sb,0.0,-3.5033765002410036,0.0003137787291806705
Li6.450Al0.10La3Zr1.75Nb0.25O12,6.45,Al,0.1,Nb,0.25,Al+Nb,0.0,-3.507727738335437,0.0003106506464265652
Li6.400Al0.10La3Zr1.70Sb0.30O12,6.4,Al,0.1,Sb,0.3,Al+Sb,0.0,-3.508733080442551,0.0003099323573714788
Li6.300Al0.15La3Zr1.75Nb0.25O12,6.3,Al,0.15,Nb,0.25,Al+Nb,0.0,-3.511231252580533,0.00030815466552162207
Li6.250Al0.15La3Zr1.70Nb0.30O12,6.25,Al,0.15,Nb,0.3,Al+Nb,0.0,-3.5113607080014826,0.00030806282381373506
Li6.300Al0.15La3Zr1.75Ta0.25O12,6.3,Al,0.15,Ta,0.25,Al+Ta,0.0,-3.5129768118487017,0.00030691858561100624
Li6.300Al0.10La3Zr1.60Sb0.40O12,6.3,Al,0.1,Sb,0.4,Al+Sb,0.0,-3.5138223506634993,0.0003063216194348523
Li6.350Al0.15La3Zr1.80Nb0.20O12,6.35,Al,0.15,Nb,0.2,Al+Nb,0.0,-3.5167974299236806,0.0003042303731231794
Li6.350Al0.15La3Zr1.80Ta0.20O12,6.35,Al,0.15,Ta,0.2,Al+Ta,0.0,-3.523824184619289,0.00029934762399562974
Li6.150Al0.15La3Zr1.60Sb0.40O12,6.15,Al,0.15,Sb,0.4,Al+Sb,0.0,-3.5341382284216185,0.0002923221818818671
Li6.300Al0.10La3Zr1.80W0.20O12,6.3,Al,0.1,W,0.2,Al+W,-0.0,-3.5382627248727614,0.0002895591380248346
Li6.150Al0.15La3Zr1.80W0.20O12,6.15,Al,0.15,W,0.2,Al+W,0.0,-3.539277276271839,0.0002888834910431539
Li6.500Al0.10La3Zr1.80Nb0.20O12,6.5,Al,0.1,Nb,0.2,Al+Nb,0.0,-3.5427463114447293,0.00028658515381037184
Li6.500Al0.10La3Zr1.80Ta0.20O12,6.5,Al,0.1,Ta,0.2,Al+Ta,0.0,-3.550844628153274,0.000281290698728696
Li6.450Al0.10La3Zr1.75Sb0.25O12,6.45,Al,0.1,Sb,0.25,Al+Sb,0.0,-3.5524495911558223,0.00028025308943804817
Li6.250Al0.15La3Zr1.70Sb0.30O12,6.25,Al,0.15,Sb,0.3,Al+Sb,0.0,-3.5528417043204303,0.0002800001704246398
Li6.300Al0.15La3Zr1.75Sb0.25O12,6.3,Al,0.15,Sb,0.25,Al+Sb,0.0,-3.553608749485568,0.0002795060742914923
Li6.500Ga0.10La3Zr1.90W0.10O12,6.5,Ga,0.1,W,0.1,Ga+W,0.0,-3.5566164131284967,0.0002775770697890937
Li6.350Al0.15La3Zr1.80Sb0.20O12,6.35,Al,0.15,Sb,0.2,Al+Sb,0.0,-3.558666292893652,0.0002762699869063447
Li6.600Ga0.10La3Zr1.90Nb0.10O12,6.6,Ga,0.1,Nb,0.1,Ga+Nb,0.0,-3.577049409785607,0.0002648198835261452
Li6.600Ga0.10La3Zr1.90Sb0.10O12,6.6,Ga,0.1,Sb,0.1,Ga+Sb,0.0,-3.577049409785607,0.0002648198835261452
Li6.600Ga0.10La3Zr1.90Ta0.10O12,6.6,Ga,0.1,Ta,0.1,Ga+Ta,0.0,-3.581923784805225,0.0002618642518635464
Li6.500Al0.10La3Zr1.80Sb0.20O12,6.5,Al,0.1,Sb,0.2,Al+Sb,0.0,-3.5850571867746375,0.00025998172034169537
Li6.200Al0.20La3Zr1.90W0.10O12,6.2,Al,0.2,W,0.1,Al+W,0.0,-3.627854858501502,0.000235583647443186
Li6.300Al0.20La3Zr1.90Sb0.10O12,6.3,Al,0.2,Sb,0.1,Al+Sb,0.0,-3.6475037762481044,0.00022516258384742854
Li6.300Al0.20La3Zr1.90Nb0.10O12,6.3,Al,0.2,Nb,0.1,Al+Nb,0.0,-3.6475037762481044,0.00022516258384742854
Li6.300Al0.20La3Zr1.90Ta0.10O12,6.3,Al,0.2,Ta,0.1,Al+Ta,0.0,-3.649595942996112,0.0002240804959384442
Li6.350Al0.15La3Zr1.90W0.10O12,6.35,Al,0.15,W,0.1,Al+W,0.0,-3.6765290867644023,0.0002106060841369068
Li6.150Al0.25La3Zr1.90Nb0.10O12,6.15,Al,0.25,Nb,0.1,Al+Nb,0.0,-3.712320470137245,0.00019394542072458858
Li6.150Al0.25La3Zr1.90Sb0.10O12,6.15,Al,0.25,Sb,0.1,Al+Sb,0.0,-3.712320470137245,0.00019394542072458858
Li6.150Al0.25La3Zr1.90Ta0.10O12,6.15,Al,0.25,Ta,0.1,Al+Ta,0.0,-3.71418462509683,0.00019311471828646281
Li6.500Al0.10La3Zr1.90W0.10O12,6.5,Al,0.1,W,0.1,Al+W,0.0,-3.7172972969728835,0.00019173557624082367
Li6.600Al0.10La3Zr1.90Sb0.10O12,6.6,Al,0.1,Sb,0.1,Al+Sb,0.0,-3.7253030184944476,0.00018823352771871353
Li6.600Al0.10La3Zr1.90Nb0.10O12,6.6,Al,0.1,Nb,0.1,Al+Nb,0.0,-3.7253030184944476,0.00018823352771871353
Li6.600Al0.10La3Zr1.90Ta0.10O12,6.6,Al,0.1,Ta,0.1,Al+Ta,0.0,-3.7266739682143117,0.00018764026247941747
Li6.450Al0.15La3Zr1.90Nb0.10O12,6.45,Al,0.15,Nb,0.1,Al+Nb,0.0,-3.7599181148236287,0.00017381285177928848
Li6.450Al0.15La3Zr1.90Sb0.10O12,6.45,Al,0.15,Sb,0.1,Al+Sb,0.0,-3.7599181148236287,0.00017381285177928848
Li6.450Al0.15La3Zr1.90Ta0.10O12,6.45,Al,0.15,Ta,0.1,Al+Ta,0.0,-3.763309514005483,0.00017246083559976718
