Li_frac,avg_electronegativity,avg_atomic_mass,avg_atomic_radius,avg_row,avg_col,num_elements,formula,sigma,log_sigma
0.2765957446808511,2.284808510638298,37.68267746808511,1.0863829787234043,2.7893617021276595,9.191489361702127,6,Ba0.05Li6.5La2.95Zr1.45Ta0.55O12,0.000832,-3.079876673709276
0.2765957446808511,2.284723404255319,37.870220893617024,1.0865957446808512,2.7914893617021272,9.191489361702127,6,Ba0.1Li6.5La2.9Zr1.4Ta0.6O12,0.000832,-3.07941697468113
0.3935742971887551,1.8892771084337352,24.141446746987953,1.1917670682730923,2.6586345381526106,9.879518072289157,5,Ba0.1Li9.8Ge1P2S12,0.000561,-3.251037138743839
0.23595505617977527,2.3673033707865168,45.24272370786517,1.0612359550561798,2.898876404494382,9.707865168539325,5,Ba0.25Li5.25La2.75Ta2O12,7.41e-06,-5.130181792020672
0.2765957446808511,2.2845531914893615,38.245307744680844,1.0870212765957445,2.7957446808510635,9.191489361702127,6,Ba0.2Li6.5La2.8Zr1.3Ta0.7O12,0.000631,-3.1999706407558657
0.38709677419354843,1.89258064516129,24.736553387096777,1.1935483870967742,2.67741935483871,9.91935483870968,5,Ba0.2Li9.6Ge1P2S12,0.000572,-3.242603971206976
0.2765957446808511,2.284382978723404,38.620394595744685,1.0874468085106384,2.8,9.191489361702127,6,Ba0.3Li6.5La2.7Zr1.2Ta0.8O12,0.000492,-3.3080348972326394
0.3805668016194332,1.8959109311740892,25.336478704453437,1.195344129554656,2.6963562753036436,9.959514170040485,5,Ba0.3Li9.4Ge1P2S12,0.000707,-3.1505805862031004
0.3739837398373983,1.899268292682927,25.941281463414633,1.1971544715447153,2.715447154471544,10.0,5,Ba0.4Li9.2Ge1P2S12,0.000316,-3.500312917381596
0.24444444444444444,2.3495555555555554,44.79961044444444,1.0677777777777777,2.8888888888888884,9.6,5,Ba0.5Li5.5La2.5Ta2O12,1.41e-05,-4.85078088734462
0.3673469387755102,1.9026530612244898,26.5510213877551,1.1989795918367347,2.7346938775510203,10.040816326530612,5,Ba0.5Li9Ge1P2S12,9.98e-05,-4.000869458712629
0.2608695652173913,2.316521739130435,42.86169565217391,1.077173913043478,2.8478260869565215,9.391304347826086,6,Ba0.5Sr0.5Li6La2Ta2O12,7.1e-06,-5.1487416512809245
0.26881720430107525,2.2986021505376346,43.52744655913979,1.0865591397849461,2.860215053763441,9.29032258064516,5,Ba1.25Li6.25La1.75Ta2O12,4.99e-05,-4.30189945437661
0.2765957446808511,2.2823404255319146,43.12143680851064,1.0925531914893616,2.8510638297872335,9.191489361702127,5,Ba1.5Li6.5La1.5Ta2O12,3.08e-05,-4.511449283499555
0.28421052631578947,2.266421052631579,42.72397463157894,1.098421052631579,2.8421052631578947,9.094736842105263,5,Ba1.75Li6.75La1.25Ta2O12,1.18e-05,-4.928117992693875
0.2916666666666667,2.2508333333333335,42.334792916666665,1.1041666666666667,2.8333333333333335,9.0,5,Ba2Li7LaTa2O12,2.85e-06,-5.54515513999149
0.06666666666666667,2.56,40.94866533333333,1.0266666666666666,3.0,10.799999999999999,5,Ba2LiTi2NbO9,1e-07,-7.0
0.025,2.7380000000000004,48.580295,0.9175,2.975,12.700000000000001,6,Ba3LiZrTa5(Si2O13)2,1e-10,-10.0
0.16666666666666666,2.609166666666667,27.096027,0.9375,2.5,12.166666666666668,4,BaLi2P2O7,1.59881e-17,-16.796203144042632
0.2608695652173913,2.323913043478261,36.2865,1.0804347826086955,2.782608695652174,9.391304347826086,5,BaLi6La2Nb2O12,6e-06,-5.221424374808178
0.2608695652173913,2.3152173913043477,43.94228260869565,1.0804347826086955,2.8695652173913047,9.391304347826086,5,BaLi6La2Ta2O12,2.25e-05,-4.647
0.18,2.6668000000000003,35.982986000000004,0.955,2.6399999999999997,12.8,4,K0.1Li0.9Sb1O3,1.36e-08,-7.866461091629782
0.24444444444444444,2.36,35.89980788888889,1.066111111111111,2.7777777777777777,9.6,5,K0.25Li5.5La2.75Nb2O12,1.06e-05,-4.974347067367615
0.06,2.7056,20.691976771199997,0.883,2.4,13.399999999999999,6,KNa2Li3Fe2(Si2O5)6,1e-10,-10.0
0.022564102564102562,2.683723076923077,36.304102433846154,0.9504615384615382,2.8666666666666667,11.928205128205128,5,Li0.022La0.115Ti0.165Al0.055O0.618,0.000525,-3.28
0.022587268993839834,2.695718685831622,37.375342842505134,0.9528747433264888,2.9086242299794662,11.533880903490761,5,Li0.022La0.117Ti0.208Al0.001O0.626,0.00126,-2.899
0.022564102564102562,2.7040410256410254,37.251789758358974,0.9493333333333334,2.8984615384615386,11.614358974358973,5,Li0.022La0.118Ti0.2Al0.004O0.631,0.000891,-3.049
0.010638297872340425,2.7487234042553195,51.639639468085115,0.9712765957446808,3.085106382978723,11.489361702127658,5,Li0.05La0.65Mg0.5W0.5O3,1.8e-07,-6.7447274948966935
0.014264424100489675,2.681554183521397,39.4016933787524,0.9663934426229508,2.9708324462422824,11.459868000851609,4,Li0.067La0.64Ti1O2.99,7.9e-05,-4.102
0.013720557969357419,2.8179967985364742,42.2589645803796,0.9026640750057169,2.972330208095129,12.348273496455523,4,Li0.06La0.313Nb1O3,2.33e-05,-4.632
0.012738853503184712,2.6822929936305733,39.538741510828025,0.9662420382165604,2.968152866242038,11.579617834394904,5,Li0.06La0.66Ti0.93Al0.06O3,1.68e-06,-5.774
0.01840909090909091,2.6701353305785123,40.32502445867769,0.9773006198347107,2.996425619834711,11.526652892561984,5,Li0.0891La0.57Ti1Ag0.1809O3,2e-07,-6.698970004336019
0.01694915254237288,2.678474576271187,39.26270779661017,0.966949152542373,2.9661016949152543,11.440677966101696,4,Li0.08La0.64Ti1O3,0.000335,-3.474955192963155
0.020487138629638062,2.8093557933075344,41.79777541770999,0.9040177555201456,2.958798087867061,12.292055542909173,4,Li0.09La0.303Nb1O3,3.52e-05,-4.453
0.02320675105485232,2.733291139240506,50.705623649789025,0.9732067510548524,3.0590717299578056,11.392405063291138,5,Li0.11La0.63Mg0.5W0.5O3,6.8e-06,-5.167491087293763
0.027210884353741496,2.801950113378685,41.27439598639455,0.9046485260770973,2.943310657596372,12.242630385487528,4,Li0.12La0.29Nb1O3,4.25e-05,-4.371
0.02789256198347108,2.661126033057851,39.367884276859506,0.9758780991735538,2.9679752066115705,11.431818181818183,5,Li0.135La0.57Ti1Ag0.135O3,2.3e-05,-4.638272163982407
0.029411764705882356,2.7256722689075628,50.24450239495798,0.9741596638655462,3.046218487394958,11.34453781512605,5,Li0.14La0.62Mg0.5W0.5O3,1.2e-05,-4.920818753952375
0.029411764705882356,2.6636974789915966,38.43662424369748,0.9689075630252101,2.9411764705882355,11.34453781512605,4,Li0.14La0.62Ti1O3,0.000442,-3.354577730650908
0.03383713061132416,2.7923076923076926,40.8878813467178,0.9066884728175051,2.9321001579066097,12.181141439205955,4,Li0.15La0.283Nb1O3,3.85e-05,-4.414
0.03118503118503118,2.6493762993762995,38.55533076715176,0.9733887733887733,2.933471933471933,11.534303534303533,5,Li0.15La0.66Ti0.85Al0.15O3,9.66e-06,-5.015
0.03737603305785124,2.65211673553719,38.41074409504132,0.9744555785123967,2.93952479338843,11.336983471074381,5,Li0.1809La0.57Ti1Ag0.0891O3,0.0001,-4.0
0.04042218728946777,2.783898495396362,40.43906429598024,0.9080058387603862,2.918931057713901,12.126431619133168,4,Li0.18La0.273Nb1O3,3.82e-05,-4.417
0.037578288100208766,2.652901878914405,37.9638656993737,0.9708768267223382,2.926931106471816,11.275574112734864,4,Li0.18La0.61Ti1O3,0.000412,-3.385102783966865
0.03909465020576131,2.6372839506172836,39.37392477366255,0.9829218106995885,2.962962962962963,11.25514403292181,5,Li0.19La0.67Ti0.9Co0.1O3,0.000108,-3.96657624451305
0.021141649048625793,2.6746300211416494,38.91537972515856,0.9669133192389007,2.955602536997886,11.414376321353064,4,Li0.1La0.63Ti1O3,7.9e-05,-4.102
0.02100840336134454,2.666176470588235,39.106799172268914,0.9699579831932773,2.953781512605042,11.550420168067227,5,Li0.1La0.66Ti0.9Al0.1O3,7.34e-06,-5.134
0.044698544698544694,2.6455717255717257,37.423340883575875,0.9713097713097713,2.9106029106029103,11.226611226611226,4,Li0.215La0.595Ti1O3,0.000853,-3.0690509688324767
0.050651230101302465,2.636241471986769,37.20057972710358,0.9736716973330577,2.9030390738060783,11.180690510647096,5,Li0.245La0.592Ti0.98Mn0.02O3,0.001,-3.0
0.049689440993788817,2.6385507246376814,37.16051082815735,0.9727743271221533,2.9026915113871636,11.182194616977224,4,Li0.24La0.59Ti1O3,0.000121,-3.949
0.05555555555555555,2.742222222222222,58.97948833333333,0.911111111111111,3.1111111111111107,12.0,4,Li0.25La0.25Ta1O3,0.00019605,-4.00967974633086
0.05091649694501018,2.6168024439918534,37.486088564154784,0.9800407331975559,2.8940936863543785,11.5030549898167,5,Li0.25La0.66Ti0.75Al0.25O3,7.66e-05,-4.115
0.05555555555555555,2.744444444444444,59.27596222222222,0.9055555555555554,3.1111111111111107,12.0,4,Li0.25Nd0.25Ta1O3,9.6155e-07,-6.800364352172117
0.05555555555555555,2.7461111111111105,59.615851111111105,0.9055555555555554,3.1111111111111107,12.0,4,Li0.25Sm0.25Ta1O3,4.32e-10,-9.364516253185087
0.05578512396694216,2.634628099173554,36.55276609504132,0.971694214876033,2.884297520661157,11.152892561983471,4,Li0.27La0.57Ti1O3,0.00034,-3.4685210829577446
0.055670103092783516,2.6314639175257732,36.76380259793815,0.9737113402061857,2.8907216494845365,11.136082474226804,4,Li0.27La0.58Ti1O3,0.0007155,-3.1512249256599825
0.055555555555555566,2.6283127572016465,36.973970637860084,0.9757201646090536,2.897119341563786,11.11934156378601,4,Li0.27La0.59Ti1O3,0.00058,-3.236
0.013715831160050226,2.6884844972471744,46.90448749154834,0.9564860426929394,3.0165169516082297,12.671689365401333,4,Li0.284Sm4.512Si3O12.91,1e-10,-10.0
0.05967078189300412,2.6278189300411525,36.430906975308645,0.9736625514403292,2.880658436213992,11.111111111111112,4,Li0.29La0.57Ti1O3,0.0016,-2.795440008672037
0.04347826086956522,2.6991304347826084,53.557713043478266,0.9260869565217391,3.0434782608695654,11.73913043478261,4,Li0.2Ca0.4Ta1O3,3.53e-09,-8.452225294612177
0.0411522633744856,2.632921810699588,38.015209448559666,0.9767489711934156,2.91358024691358,11.518518518518517,5,Li0.2La0.66Ti0.8Al0.2O3,4.28e-05,-4.368
0.011627906976744188,2.960581395348837,27.331173837209306,0.7854651162790698,2.5232558139534884,14.30232558139535,5,Li0.2Zr1.2Nb0.8P3O12,2.38e-07,-6.623
0.06262833675564682,2.624312114989733,36.23486561601642,0.9741273100616015,2.8747433264887063,11.088295687885012,4,Li0.305La0.565Ti1O3,0.000957,-3.0190880622231564
0.06275303643724697,2.6094736842105264,37.78015700404858,0.9864372469635627,2.9149797570850207,11.072874493927127,5,Li0.31La0.63Ti0.9Co0.1O3,0.00026,-3.5850266520291822
0.06748466257668712,2.627443762781186,35.687500315746426,0.9714723926380366,2.850715746421268,11.208588957055213,6,Li0.33La0.56Ti0.92Al0.08O2.92F0.08,0.000494,-3.306273051076353
0.06748466257668712,2.626196319018405,35.724077939877304,0.9719836400817996,2.8527607361963185,11.188139059304703,6,Li0.33La0.56Ti0.93Al0.07O2.93F0.07,0.000645,-3.1904402853647325
0.06748466257668713,2.6249488752556243,35.76065556400818,0.9724948875255623,2.85480572597137,11.167689161554193,6,Li0.33La0.56Ti0.94Al0.06O2.94F0.06,0.000106,-3.9746941347352296
0.06748466257668713,2.623701431492843,35.79723318813907,0.9730061349693253,2.856850715746422,11.147239263803682,6,Li0.33La0.56Ti0.95Al0.05O2.95F0.05,0.000176,-3.75448733218585
0.06748466257668713,2.6224539877300614,35.833810812269945,0.9735173824130879,2.8588957055214723,11.126789366053169,6,Li0.33La0.56Ti0.96Al0.04O2.96F0.04,0.000622,-3.2061048076545906
0.06748466257668712,2.62120654396728,35.87038843640082,0.9740286298568507,2.860940695296523,11.106339468302659,6,Li0.33La0.56Ti0.97Al0.03O2.97F0.03,0.000928,-3.032452023781138
0.06748466257668713,2.619959100204499,35.906966060531694,0.9745398773006135,2.8629856850715742,11.085889570552148,6,Li0.33La0.56Ti0.98Al0.02O2.98F0.02,0.00106,-2.9746941347352296
0.06748466257668712,2.618711656441718,35.94354368466257,0.9750511247443763,2.8650306748466257,11.065439672801636,6,Li0.33La0.56Ti0.99Al0.01O2.99F0.01,0.00098,-3.0087739243075053
0.06748466257668712,2.617464212678937,35.98012130879346,0.9755623721881389,2.8670756646216766,11.044989775051123,4,Li0.33La0.56Ti1O3,0.000668,-3.175223537524454
0.0709812108559499,2.6195824634655533,35.09539993736952,0.9710855949895616,2.8434237995824634,11.045929018789144,4,Li0.34La0.51Ti1O2.94,0.00101,-2.9955
0.06938775510204082,2.614122448979592,35.920857795918366,0.9765306122448979,2.8653061224489793,11.024489795918365,4,Li0.34La0.56Ti1O3,0.001109,-2.9885
0.06952965235173823,2.621717791411043,36.31047852760736,0.9632924335378322,2.858895705521472,11.040899795501021,4,Li0.34Nd0.55Ti1O3,8e-08,-7.096455006504028
0.06938775510204082,2.6175510204081633,36.14967836734694,0.9651020408163266,2.8653061224489793,11.024489795918365,4,Li0.34Pr0.56Ti1O3,1e-06,-6.0
0.06924643584521385,2.6192260692464355,36.10863910386965,0.9643584521384928,2.863543788187372,11.034623217922606,4,Li0.34Pr0.56Ti1O3.01,1e-06,-6.0
0.06999999999999999,2.5878,36.463493416,0.9859999999999999,2.86,11.4,5,Li0.35La0.65Ti0.7Al0.3O3,0.000161,-3.7931741239681513
0.07350845041743026,2.6102891468132765,35.565970717369176,0.9764202810018328,2.8542048462634906,11.007126858073713,5,Li0.361La0.55Ti0.995Al0.005O3,0.0011,-2.958
0.07392197125256673,2.631375770020534,36.140533819301844,0.9679671457905543,2.8501026694045173,11.086242299794662,5,Li0.36La0.51Ti0.95W0.05O3,0.00073,-3.136
0.07346938775510203,2.613632653061224,35.382227306122445,0.9744897959183673,2.848979591836734,11.016326530612243,4,Li0.36La0.54Ti1O3,0.00089,-3.05
0.07331975560081466,2.6153360488798367,35.84533981670061,0.9749490835030549,2.855397148676171,11.101832993890019,5,Li0.36La0.55Ti0.95Ge0.05O3,0.00036,-3.443
0.07331975560081466,2.6106517311608957,35.665075509164964,0.9764765784114052,2.855397148676171,11.030549898167004,5,Li0.36La0.55Ti0.95Mn0.05O3,0.00019,-3.721
0.07331975560081466,2.6172708757637473,36.13485101832994,0.9754582484725051,2.865580448065173,11.040733197556007,5,Li0.36La0.55Ti0.95Ru0.05O3,5.2e-05,-4.283
0.07331975560081466,2.610663951120163,35.559039675926684,0.9762321792260692,2.8537678207739305,11.014663951120161,5,Li0.36La0.55Ti0.992Al0.008O3,0.000654,-3.184
0.07331975560081466,2.610621181262729,35.5718006503055,0.9763238289205701,2.854378818737271,11.0091649694501,5,Li0.36La0.55Ti0.995Al0.005O3,0.0011,-2.958
0.07331975560081466,2.610549898167006,35.59306894093686,0.9764765784114053,2.855397148676171,10.999999999999998,4,Li0.36La0.55Ti1O3,0.000688,-3.162411561764489
0.07317073170731707,2.6081910569105693,35.59080287195122,0.9769308943089431,2.8516260162601625,11.07520325203252,5,Li0.36La0.56Ti0.95Al0.05O3,0.00064,-3.193
0.07287449392712551,2.5990485829959518,35.9819904048583,0.9834008097165994,2.8643724696356276,10.931174089068827,5,Li0.36La0.58Mg0.05Ti0.95O3,0.00021,-3.677
0.07802874743326489,2.615523613963039,36.182751129363446,0.9640657084188913,2.8377823408624225,10.97741273100616,4,Li0.38Sm0.52Ti1O2.97,0.0007501,-4.76098500216801
0.07910750507099393,2.6036916835699797,35.20915695740366,0.9773833671399594,2.8438133874239355,10.955375253549697,4,Li0.39La0.54Ti1O3,0.0009505,-3.044754499211876
0.06048387096774193,2.601008064516129,36.96763543951613,0.9832661290322581,2.875,11.487903225806452,5,Li0.3La0.66Ti0.7Al0.3O3,1.72e-05,-4.764
0.06,2.5904,37.365428888,0.988,2.88,11.6,5,Li0.3La0.7Ti0.6Al0.4O3,1.04e-07,-6.982966660701219
0.04838709677419355,2.797096774193548,28.559504354838708,0.8798387096774193,2.596774193548387,13.225806451612904,4,Li0.3Y0.9P1O4,4.64e-07,-6.333
0.09054325955734407,2.590140845070423,34.45060249496982,0.979175050301811,2.8209255533199196,10.867203219315897,4,Li0.45La0.52Ti1O3,0.000643,-3.2026463086937507
0.09,2.5826000000000002,34.659622471999995,0.982,2.8200000000000003,11.0,5,Li0.45La0.55Ti0.9Al0.1O3,0.00151,-2.8210230527068307
0.08,2.5852,35.561557944,0.984,2.84,11.2,5,Li0.4La0.6Ti0.8Al0.2O3,0.000568,-3.245651664288981
0.08333333333333333,2.8287499999999994,38.94400208333333,0.9166666666666665,2.833333333333333,12.0,5,Li0.5Ce0.25Pr0.25Mo1O4,1e-09,-9.0
0.08333333333333333,2.8304166666666664,39.337849999999996,0.9166666666666665,2.833333333333333,12.0,5,Li0.5Ce0.25Sm0.25Mo1O4,1.8e-10,-9.744727494896694
0.08333333333333333,2.828333333333333,38.91101666666667,0.9166666666666665,2.833333333333333,12.0,4,Li0.5Ce0.5Mo1O4,1.3e-08,-7.886056647693163
0.1,2.5808,33.8644176,0.9779999999999999,2.8,10.799999999999999,5,Li0.5La0.4Nd0.1Ti1O3,0.001,-3.0
0.1,2.58,33.757687000000004,0.9799999999999999,2.8,10.8,4,Li0.5La0.5Ti1O3,0.00049055,-3.642429133630484
0.07017543859649122,2.782683178534572,22.0399520123839,0.828998968008256,2.3808049535603715,14.255933952528379,4,Li0.68Ga0.68Si2.33O6,3.15e-11,-10.50228226
0.09374999999999999,2.7365625,26.6032253125,0.8921875,2.53125,12.8125,4,Li0.6Y0.8P1O4,1.41e-05,-4.851
0.19791666666666669,2.2993750000000004,46.38641406250001,1.1385416666666668,3.0625,9.354166666666668,4,Li0.76La1Mg0.08O2,7.27e-10,-9.138465589140962
0.03954802259887005,2.9173446327683616,21.426053535593226,0.7892655367231639,2.378531073446328,14.033898305084747,5,Li0.7Ti1.7Al0.3P3O12,0.00033265,-3.6705
0.12152269399707173,2.65787701317716,20.5599710102489,0.8948755490483162,2.342606149341142,12.254758418740849,5,Li0.83Mg0.83In0.17P1O4,1.41e-09,-8.85
0.12408759124087591,2.6516058394160584,20.255936058394163,0.8963503649635037,2.335766423357664,12.189781021897812,5,Li0.85Mg0.85In0.15P1O4,1.26e-09,-8.899
0.04805811679240011,2.868862810841017,36.552696060352055,0.8159402067616652,2.6225202570550437,13.746856663872592,4,Li0.86Hf2.035P3O12,9.2e-08,-7.036212172654444
0.04477779021605284,2.8751035486398746,26.983244543826263,0.8165621851561626,2.518526810701892,13.769058546960707,5,Li0.8La0.066Zr2P3O12,8.2e-06,-5.086
0.22222222222222224,2.086666666666667,45.736333333333334,1.2000000000000002,3.2222222222222223,12.222222222222223,3,Li0.8Sn0.8S2,0.00012,-3.9208187539523753
0.05074726745482935,2.8647334374302917,36.36723042605398,0.8171759982154807,2.6183359357573046,13.718380548739681,4,Li0.91Hf2.022P3O12,3.2e-07,-6.494850021680094
0.13669064748201437,2.6207913669064746,18.76200892086331,0.9035971223021582,2.302158273381295,11.870503597122301,5,Li0.95Mg0.95In0.05P1O4,1.12e-10,-9.95
0.09638554216867469,2.7303614457831324,22.779945783132526,0.8518072289156627,2.3975903614457827,13.855421686746986,4,Li0.96Ga0.96Si2.04O6,2.35e-11,-10.62874643
0.05450500556173526,2.8629477196885427,26.37363256952169,0.8186318131256951,2.50055617352614,13.68186874304783,5,Li0.98Zr1.98Nb0.02P3O12,2.5e-07,-6.602
0.14214285714285715,2.5295214285714285,22.139774285714285,0.9571785714285714,2.5007142857142854,10.286428571428571,4,Li0.995Mg0.505Ti1.5O4,1.53e-11,-10.8153085691824
0.13043478260869565,2.6360869565217393,19.503559710144927,0.9,2.318840579710145,12.028985507246377,5,Li0.9Mg0.9In0.1P1O4,5.01e-10,-9.3
0.13636363636363638,2.6796969696969697,24.765508636363634,0.9037878787878788,2.4696969696969697,12.424242424242426,4,Li0.9Y0.7P1O4,6.57e-09,-8.182
0.23076923076923078,2.3382051282051286,22.5201078974359,1.0512820512820513,2.5384615384615383,9.230769230769232,4,Li0.9Zr0.1Sc0.9O2,1e-10,-10.0
0.05027932960893855,2.8725698324022346,26.468001340782124,0.8153631284916202,2.5027932960893855,13.743016759776538,5,Li0.9Zr1.9Nb0.1P3O12,1.35e-06,-5.869
0.05660377358490566,2.8583462819089904,26.326056770255274,0.8204217536071032,2.4994450610432857,13.651498335183131,5,Li1.02Y0.02Zr1.98P3O12,1.15e-07,-6.939
0.13043478260869565,2.4922360248447206,24.465731544099377,0.9583850931677019,2.6149068322981366,10.993788819875775,5,Li1.05Ti1.95Al0.05P1O4,1.4e-06,-5.853
0.05817174515235457,2.8788088642659275,21.434452239889197,0.8041551246537395,2.3850415512465375,13.656509695290858,5,Li1.05Ti1.95Al0.05P3O12,0.0011,-2.958607314841775
0.05817174515235457,2.8789473684210525,21.503744653739613,0.8045706371191135,2.3878116343490303,13.637119113573407,5,Li1.05Ti1.95Cr0.05P3O12,0.00018,-3.744727494896694
0.05817174515235457,2.8794182825484764,21.5144064265928,0.8045706371191135,2.3878116343490303,13.642659279778393,5,Li1.05Ti1.95Fe0.05P3O12,0.00013,-3.886056647693163
0.05902261619391892,2.867235481588345,20.901656866468464,0.8048345337158467,2.362928750486827,13.873819959079118,5,Li1.076Ti1.462Al0.6923P3O12,0.000825,-3.083
0.15285714285714286,2.527135714285714,22.071541428571425,0.956142857142857,2.495,10.285714285714285,4,Li1.07Mg0.395Ti1.535O4,6.56e-10,-9.18309616062434
0.16285714285714284,2.5246571428571425,21.982051428571427,0.9552857142857141,2.4885714285714284,10.282857142857143,4,Li1.14Mg0.3Ti1.56O4,1.51e-09,-8.821023052706831
0.06336088154269973,2.870550964187328,21.478068099173555,0.8081267217630854,2.3856749311294765,13.59504132231405,5,Li1.15Ti1.85Fe0.15P3O12,0.000522,-3.282164748498869
0.06336088154269973,2.8441046831955923,26.170606804407715,0.8267217630853995,2.4958677685950414,13.553719008264464,5,Li1.15Y0.15Zr1.85P3O12,7.1e-05,-4.148370825640463
0.06077348066298342,2.9230939226519337,23.93720109723757,0.7897790055248618,2.3812154696132595,14.696132596685082,5,Li1.1Al0.1Ge1.9P3O12,2.9e-06,-5.537301001050522
0.06077348066298342,2.8488397790055253,35.18672906077347,0.8220994475138123,2.596685082872928,13.607734806629834,5,Li1.1Hf1.9Cr0.1P3O12,9.35e-08,-7.029
0.06077348066298342,2.849779005524862,35.20799370165745,0.8220994475138123,2.596685082872928,13.61878453038674,5,Li1.1Hf1.9Fe0.1P3O12,0.000107,-3.970308111157396
0.06077348066298342,2.8495027624309395,35.533811381215465,0.8229281767955802,2.6022099447513813,13.646408839779005,5,Li1.1Hf1.9In0.1P3O12,2.615e-05,-5.144941317444092
0.06077348066298342,2.8471823204419895,35.14783299447513,0.8232044198895028,2.596685082872928,13.591160220994475,5,Li1.1Hf1.9Sc0.1P3O12,2.45e-05,-4.610416957817733
0.06077348066298342,2.846685082872928,35.866126298342536,0.8240331491712707,2.607734806629834,13.591160220994475,5,Li1.1Lu0.1Hf1.9P3O12,5.88e-05,-4.230311336961931
0.06077348066298342,2.872375690607735,21.43602636464088,0.8074585635359115,2.386740331491713,13.591160220994475,5,Li1.1Sc0.1Ti1.9P3O12,0.000158,-3.801171456522789
0.06077348066298342,2.8737569060773485,21.33672043425414,0.8055248618784531,2.3812154696132595,13.646408839779005,5,Li1.1Ti1.9Al0.1P3O12,3e-05,-4.522
0.06077348066298342,2.874033149171271,21.474922430939223,0.806353591160221,2.386740331491713,13.607734806629834,5,Li1.1Ti1.9Cr0.1P3O12,0.00026,-3.5850266520291822
0.06077348066298342,2.874972375690608,21.4961870718232,0.806353591160221,2.386740331491713,13.61878453038674,5,Li1.1Ti1.9Fe0.1P3O12,0.00063,-3.2006594505464183
0.06077348066298342,2.8464088397790057,35.390650331491706,0.8243093922651933,2.6022099447513813,13.591160220994475,5,Li1.1Y0.1Hf1.9P3O12,9.18e-05,-4.037
0.18109111682376464,2.5207083690374184,21.91430534133105,0.9534704370179947,2.4810054270208513,10.283347614967154,4,Li1.268Mg0.1Ti1.634O4,1.73e-08,-7.761953896871205
0.06593406593406594,2.91021978021978,23.592944709890112,0.7934065934065935,2.3736263736263736,14.615384615384615,5,Li1.2Al0.2Ge1.8P3O12,6.385000000000001e-05,-4.208116183410695
0.06593406593406594,2.8405494505494504,34.33651131868132,0.8247252747252747,2.582417582417582,13.54945054945055,5,Li1.2Hf1.8Cr0.2P3O12,2.54e-07,-6.595
0.06593406593406594,2.8424175824175824,34.37880692307692,0.8247252747252747,2.582417582417582,13.571428571428571,5,Li1.2Hf1.8Fe0.2P3O12,0.00017,-3.769
0.06593406593406594,2.841868131868132,35.026861868131874,0.8263736263736263,2.5934065934065935,13.626373626373626,5,Li1.2Hf1.8In0.2P3O12,6.8e-05,-4.6384700043360185
0.06593406593406594,2.837252747252747,34.25914661538462,0.8269230769230769,2.582417582417582,13.516483516483516,5,Li1.2Hf1.8Sc0.2P3O12,5.86e-05,-4.232
0.06593406593406594,2.858131868131868,22.3728010989011,0.8159340659340659,2.406593406593407,13.516483516483516,5,Li1.2La0.2Ti1.8P3O12,0.000528,-3.277366077466188
0.06593406593406594,2.836263736263736,35.687839890109885,0.8285714285714285,2.6043956043956045,13.516483516483516,5,Li1.2Lu0.2Hf1.8P3O12,9.79e-05,-4.009108654098432
0.17142857142857143,2.523142857142857,21.96785714285714,0.9542857142857142,2.4857142857142858,10.285714285714285,4,Li1.2Mg0.2Ti1.6O4,4.24e-09,-8.372634143407268
0.06593406593406594,2.860989010989011,21.340388373626375,0.8120879120879121,2.384615384615385,13.516483516483516,5,Li1.2Sc0.2Ti1.8P3O12,0.000246,-3.6090648928966207
0.06593406593406594,2.86521978021978,26.690992882417582,0.8032967032967033,2.4230769230769234,14.12087912087912,5,Li1.2Ta0.9Al1.1P3O12,6.5e-07,-6.187043321678573
0.06593406593406594,2.8895604395604395,22.50402163296703,0.8,2.3736263736263736,14.175824175824175,6,Li1.2Ti0.8Al0.2Ge1P3O12,3e-05,-4.522
0.06593406593406594,2.8637362637362638,21.142867786813188,0.8082417582417583,2.3736263736263736,13.626373626373626,5,Li1.2Ti1.8Al0.2P3O12,0.00338,-2.4710832997223453
0.06593406593406594,2.8642857142857143,21.417753076923077,0.8098901098901099,2.3846153846153846,13.54945054945055,5,Li1.2Ti1.8Cr0.2P3O12,1.83e-05,-4.737
0.06593406593406594,2.8661538461538463,21.460048681318682,0.8098901098901099,2.3846153846153846,13.571428571428571,5,Li1.2Ti1.8Fe0.2P3O12,0.000351,-3.454
0.06593406593406594,2.865934065934066,21.612554175824176,0.8087912087912088,2.3846153846153846,13.626373626373626,5,Li1.2Ti1.8Ga0.2P3O12,0.000162,-3.790484985457369
0.06593406593406594,2.8656043956043957,22.108103626373627,0.8115384615384615,2.395604395604396,13.626373626373626,5,Li1.2Ti1.8In0.2P3O12,0.00039,-3.408935392973501
0.06593406593406594,2.8843956043956043,22.231790863736265,0.8016483516483517,2.3736263736263736,14.065934065934066,6,Li1.2Ti1Al0.2Ge0.8P3O12,3e-05,-4.522
0.06593406593406594,2.8597802197802196,21.34063920879121,0.810989010989011,2.3846153846153846,13.516483516483516,5,Li1.2Ti2Si0.2P2.8O12,8.6e-05,-4.0655015487564325
0.06593406593406594,2.8357142857142854,34.742112967032966,0.8291208791208791,2.5934065934065935,13.516483516483516,5,Li1.2Y0.2Hf1.8P3O12,3.19e-05,-4.496
0.06593406593406594,2.8594505494505493,21.823354725274726,0.8142857142857143,2.395604395604396,13.516483516483516,5,Li1.2Y0.2Ti1.8P3O12,0.000504,-3.297
0.06593406593406594,2.8586813186813185,21.816838923076922,0.8137362637362637,2.395604395604396,13.516483516483516,6,Li1.2Zr0.2Sc0.2Ti1.6P3O12,0.00012,-3.92
0.06629834254143646,2.8508839779005526,24.786954055248614,0.8212707182320442,2.458563535911602,13.569060773480663,6,Li1.2Zr1.5Sc0.2Ti0.2P3O12,3.1e-07,-6.508
0.19142857142857145,2.5185142857142857,21.82253714285714,0.9524285714285714,2.474285714285714,10.282857142857143,3,Li1.34Ti1.66O4,6.03e-08,-7.219682687859849
0.07356948228882834,2.8540326975476837,21.12605583160763,0.8106267029972751,2.362397820163488,13.705722070844686,6,Li1.35Ti1.45Al0.35Ge0.2P3O12,0.000618,-3.209
0.07103825136612021,2.8974863387978145,23.25245068743169,0.7969945355191257,2.366120218579235,14.53551912568306,5,Li1.3Al0.3Ge1.7P3O12,3.9e-05,-4.408
0.07103825136612021,2.898306010928962,23.662525464480872,0.7994535519125684,2.3825136612021858,14.420765027322403,5,Li1.3Cr0.3Ge1.7P3O12,3.065e-05,-4.522
0.07103825136612021,2.8471038251366125,23.000026557377048,0.8207650273224044,2.415300546448087,13.442622950819672,5,Li1.3Eu0.3Ti1.7P3O12,6e-05,-4.221
0.07103825136612021,2.901092896174864,23.725622185792346,0.7994535519125684,2.3825136612021858,14.453551912568305,5,Li1.3Fe0.3Ge1.7P3O12,3.67e-05,-4.435
0.07103825136612021,2.8323497267759565,33.49558557377049,0.8273224043715847,2.5683060109289615,13.491803278688524,5,Li1.3Hf1.7Cr0.3P3O12,5.26e-07,-6.27900712792313
0.07103825136612021,2.8351366120218584,33.558682295081965,0.8273224043715847,2.5683060109289615,13.524590163934425,5,Li1.3Hf1.7Fe0.3P3O12,5.4e-05,-4.267303120088516
0.07103825136612021,2.834316939890711,34.525452786885246,0.8297814207650273,2.584699453551912,13.606557377049178,5,Li1.3Hf1.7In0.3P3O12,7.6e-05,-4.423855827808472
0.07103825136612021,2.8274316939890713,33.3801726557377,0.8306010928961748,2.5683060109289615,13.442622950819672,5,Li1.3Hf1.7Sc0.3P3O12,8.32e-05,-4.079438336854638
0.07103825136612021,2.900273224043716,24.692392677595628,0.801912568306011,2.3989071038251364,14.53551912568306,5,Li1.3In0.3Ge1.7P3O12,9.22e-06,-5.035
0.07103825136612021,2.8454644808743175,22.785952295081966,0.8224043715846995,2.415300546448087,13.442622950819672,5,Li1.3La0.3Ti1.7P3O12,0.000528,-3.277366077466188
0.07103825136612021,2.8259562841530057,35.511501967213114,0.8330601092896176,2.6010928961748636,13.442622950819672,5,Li1.3Lu0.3Hf1.7P3O12,3.56e-05,-4.448275001013563
0.07103825136612021,2.8517759562841536,21.09846467704918,0.8137978142076502,2.3743169398907105,13.524590163934425,6,Li1.3Sc0.15Ti1.7Al0.15P3O12,0.00124,-2.906578314837765
0.07103825136612021,2.8524590163934427,21.049354367213112,0.8128415300546448,2.3715846994535514,13.55191256830601,6,Li1.3Sc0.1Ti1.7Al0.2P3O12,0.000269,-3.57
0.07103825136612021,2.8510928961748636,21.147574986885246,0.8147540983606557,2.3770491803278686,13.49726775956284,6,Li1.3Sc0.2Ti1.7Al0.1P3O12,0.000426,-3.37
0.07103825136612021,2.893387978142077,23.547112546448083,0.8027322404371585,2.3825136612021858,14.37158469945355,5,Li1.3Sc0.3Ge1.7P3O12,2.98e-05,-4.525
0.07103825136612021,2.8497267759562845,21.245795606557373,0.8166666666666668,2.3825136612021858,13.442622950819672,5,Li1.3Sc0.3Ti1.7P3O12,0.000568,-3.245
0.07103825136612021,2.853825136612022,20.95113374754098,0.8109289617486338,2.3661202185792347,13.606557377049178,5,Li1.3Ti1.7Al0.3P3O12,0.00121,-2.91721462968355
0.07103825136612021,2.8546448087431697,21.36120852459016,0.8133879781420764,2.3825136612021858,13.491803278688524,5,Li1.3Ti1.7Cr0.3P3O12,3.53e-05,-4.452
0.07103825136612021,2.857431693989071,21.424305245901635,0.8133879781420764,2.3825136612021858,13.524590163934425,5,Li1.3Ti1.7Fe0.3P3O12,0.001273,-3.123668528439514
0.07103825136612021,2.8571038251366123,21.65181344262295,0.8117486338797814,2.3825136612021858,13.606557377049178,5,Li1.3Ti1.7Ga0.3P3O12,0.000261,-3.583359492661719
0.07103825136612021,2.856612021857924,22.391075737704917,0.8158469945355192,2.3989071038251364,13.606557377049178,5,Li1.3Ti1.7In0.3P3O12,0.000393,-3.4056074496245734
0.07103825136612021,2.84792349726776,21.24616980327869,0.8150273224043716,2.3825136612021858,13.442622950819672,5,Li1.3Ti2Si0.3P2.7O12,0.00032,-3.494850021680094
0.07103825136612021,2.850628415300547,21.458710070491804,0.8154371584699452,2.3825136612021858,13.524590163934425,6,Li1.3Y0.15Ti1.7Al0.15P3O12,1.9e-05,-4.721123199523586
0.07103825136612021,2.8516939890710384,21.28951796284153,0.8139344262295081,2.3770491803278686,13.55191256830601,6,Li1.3Y0.1Ti1.7Al0.2P3O12,0.00012,-3.9204093769761874
0.07103825136612021,2.849562841530055,21.627902178142072,0.8169398907103825,2.387978142076503,13.49726775956284,6,Li1.3Y0.2Ti1.7Al0.1P3O12,7.3e-05,-4.136338569939772
0.07103825136612021,2.825136612021858,34.100663442622945,0.8338797814207651,2.584699453551912,13.442622950819672,5,Li1.3Y0.3Hf1.7P3O12,3.19e-05,-4.49610465847141
0.07103825136612021,2.8474316939890714,21.966286393442623,0.8199453551912569,2.3989071038251364,13.442622950819672,5,Li1.3Y0.3Ti1.7P3O12,0.000554,-3.256
0.07859078590785908,2.8442547425474256,20.935971727371275,0.8132791327913278,2.355013550135501,13.685636856368564,6,Li1.45Ti1.35Al0.45Ge0.2P3O12,0.00101,-2.995
0.1715976331360947,2.4239644970414203,22.647497558579882,0.9745562130177516,2.5384615384615388,10.946745562130179,5,Li1.45Ti1.55Al0.45P1O4,0.00029,-3.537
0.07608695652173914,2.884891304347826,22.915657686956525,0.8005434782608696,2.358695652173913,14.456521739130435,5,Li1.4Al0.4Ge1.6P3O12,0.0001825,-3.73892107536816
0.07608695652173914,2.8268478260869565,34.02949380434783,0.8331521739130435,2.5760869565217392,13.58695652173913,5,Li1.4Hf1.6In0.4P3O12,0.000142,-3.847355827808472
0.07608695652173914,2.817717391304348,32.510752760869565,0.8342391304347827,2.554347826086957,13.369565217391305,5,Li1.4Hf1.6Sc0.4P3O12,6.17e-05,-4.209
0.07608695652173914,2.832934782608696,23.19461271739131,0.8288043478260869,2.4239130434782608,13.369565217391305,5,Li1.4La0.4Ti1.6P3O12,0.0004975,-3.302885328620141
0.07608695652173914,2.815760869565217,35.33708076086957,0.8375,2.597826086956522,13.369565217391305,5,Li1.4Lu0.4Hf1.6P3O12,2.06e-05,-4.686066389815423
0.3333333333333333,1.9909523809523808,23.53444219047619,1.15,2.666666666666667,10.857142857142858,3,Li1.4P0.6S2.2,4.64e-05,-4.333
0.07608695652173914,2.838586956521739,21.152231021739134,0.8211956521739131,2.380434782608696,13.369565217391305,5,Li1.4Sc0.4Ti1.6P3O12,0.000515,-3.2880963854794043
0.07608695652173914,2.874673913043478,22.37711420869565,0.803804347826087,2.358695652173913,14.23913043478261,6,Li1.4Ti0.4Al0.4Ge1.2P3O12,0.000343,-3.464
0.07608695652173914,2.871404347826087,22.204780295652178,0.8048478260869565,2.358695652173913,14.169565217391305,6,Li1.4Ti0.528Al0.4Ge1.072P3O12,0.000676,-3.17
0.07608695652173914,2.869565217391304,22.10784246956522,0.8054347826086956,2.358695652173913,14.130434782608695,6,Li1.4Ti0.6Al0.4Ge1P3O12,8e-05,-4.096
0.07608695652173914,2.8644565217391307,21.838570730434785,0.8070652173913044,2.358695652173913,14.021739130434783,6,Li1.4Ti0.8Al0.4Ge0.8P3O12,6e-05,-4.221
0.07608695652173914,2.8491304347826087,21.03075551304348,0.8119565217391305,2.358695652173913,13.695652173913043,6,Li1.4Ti1.4Al0.4Ge0.2P3O12,0.001145,-2.9445
0.07608695652173914,2.8440217391304348,20.761483773913046,0.8135869565217392,2.358695652173913,13.58695652173913,5,Li1.4Ti1.6Al0.4P3O12,0.0033,-2.4814860601221125
0.07608695652173914,2.845108695652174,21.305278586956522,0.8168478260869565,2.380434782608696,13.434782608695652,5,Li1.4Ti1.6Cr0.4P3O12,0.0001495,-3.824906865793863
0.07608695652173914,2.848804347826087,21.388950326086956,0.8168478260869565,2.380434782608696,13.478260869565219,5,Li1.4Ti1.6Fe0.4P3O12,0.000389,-3.4098569664897718
0.07608695652173914,2.848369565217391,21.69064597826087,0.8146739130434784,2.380434782608696,13.58695652173913,5,Li1.4Ti1.6Ga0.4P3O12,0.000128,-3.892790030352132
0.07608695652173914,2.847717391304348,22.67097206521739,0.8201086956521739,2.4021739130434785,13.58695652173913,5,Li1.4Ti1.6In0.4P3O12,0.0003,-3.522
0.07608695652173914,2.814673913043478,33.46618619565218,0.8385869565217392,2.5760869565217392,13.369565217391305,5,Li1.4Y0.4Hf1.6P3O12,2.09e-05,-4.679426856944473
0.07608695652173914,2.8355434782608695,22.10766445652174,0.8255434782608696,2.4021739130434785,13.369565217391305,5,Li1.4Y0.4Ti1.6P3O12,0.00061,-3.214
0.08355795148247978,2.834582210242588,20.74793704743935,0.8159029649595687,2.347708894878706,13.665768194070079,6,Li1.55Ti1.25Al0.55Ge0.2P3O12,7.02e-05,-4.153
0.08108108108108109,2.872432432432433,22.582505691891892,0.8040540540540542,2.3513513513513513,14.378378378378379,5,Li1.5Al0.5Ge1.5P3O12,0.000308,-3.512830361305078
0.08108108108108109,2.877837837837838,23.737680324324323,0.8054054054054054,2.3783783783783785,14.378378378378379,5,Li1.5Ga0.5Ge1.5P3O12,0.000117,-3.931
0.08108108108108109,2.814864864864865,31.164938124324326,0.8283783783783785,2.5135135135135136,13.567567567567568,5,Li1.5Hf1.5Al0.5P3O12,0.00011,-3.958
0.08108108108108109,2.8162162162162163,31.841007351351355,0.8324324324324325,2.540540540540541,13.378378378378379,5,Li1.5Hf1.5Cr0.5P3O12,1.18e-07,-6.928
0.08108108108108109,2.8770270270270273,24.956464108108108,0.8121621621621622,2.4054054054054057,14.378378378378379,5,Li1.5In0.5Ge1.5P3O12,5.75e-06,-5.24
0.08108108108108109,2.820540540540541,23.59885518918919,0.8351351351351352,2.4324324324324325,13.297297297297298,5,Li1.5La0.5Ti1.5P3O12,0.0002815,-3.55014684004746
0.08108108108108109,2.865675675675676,23.068299567567568,0.8135135135135136,2.3783783783783785,14.108108108108109,5,Li1.5Sc0.5Ge1.5P3O12,2.51e-05,-4.6
0.08108108108108109,2.839405405405406,20.841700286486486,0.8145945945945946,2.3513513513513513,13.675675675675677,6,Li1.5Ti1.3Al0.5Ge0.2P3O12,0.000737,-3.132
0.08108108108108109,2.834324324324325,20.57388407027027,0.8162162162162163,2.3513513513513513,13.567567567567568,5,Li1.5Ti1.5Al0.5P3O12,1.1e-05,-4.958
0.08108108108108109,2.835675675675676,21.249953297297296,0.8202702702702703,2.3783783783783785,13.378378378378379,5,Li1.5Ti1.5Cr0.5P3O12,0.0003885,-3.4102063476641225
0.08108108108108109,2.8402702702702705,21.353977621621624,0.8202702702702703,2.3783783783783785,13.432432432432433,5,Li1.5Ti1.5Fe0.5P3O12,0.0001745,-3.757725375858701
0.08108108108108109,2.83972972972973,21.7290587027027,0.8175675675675675,2.3783783783783785,13.567567567567568,5,Li1.5Ti1.5Ga0.5P3O12,0.000122,-3.913640169325252
0.08108108108108109,2.8389189189189192,22.947842486486486,0.8243243243243243,2.4054054054054057,13.567567567567568,5,Li1.5Ti1.5In0.5P3O12,0.000204,-3.6901849162870506
0.21428571428571427,2.5757142857142856,21.405112428571428,0.9249999999999998,2.3571428571428568,11.714285714285714,4,Li1.5Y0.5P1O4,6.68e-11,-10.1753005
0.08108108108108109,2.8237837837837843,22.24751410810811,0.8310810810810811,2.4054054054054057,13.297297297297298,5,Li1.5Y0.5Ti1.5P3O12,5.44e-05,-4.264
0.20689655172413793,2.0989655172413793,30.16579475862069,1.1293103448275863,2.896551724137931,12.344827586206897,4,Li1.5Zn0.75P1S4,1.65e-05,-4.782516055786093
0.24812030075187969,2.3890977443609023,34.46025251879699,1.1796992481203006,2.954887218045113,11.842105263157896,4,Li1.65Mn0.65In0.35Cl4,9.9e-08,-7.00436480540245
0.08888888888888889,2.888444444444444,20.573367175555553,0.7927777777777778,2.2888888888888888,14.31111111111111,5,Li1.6Al0.6Ge0.8P3O12,0.0007,-3.154
0.08602150537634408,2.86010752688172,22.252935976344084,0.8075268817204301,2.344086021505376,14.301075268817204,5,Li1.6Al0.6Ge1.4P3O12,0.000212,-3.699840829976481
0.08602150537634408,2.8187634408602147,20.681993870967737,0.825268817204301,2.360215053763441,13.225806451612904,5,Li1.6Mg0.3Ti1.7P3O12,2.8e-06,-5.552
0.08602150537634408,2.8499999999999996,21.72018328817204,0.8107526881720429,2.344086021505376,14.086021505376344,6,Li1.6Ti0.4Al0.6Ge1P3O12,5e-05,-4.301
0.08602150537634408,2.8449462365591396,21.45380694408602,0.8123655913978494,2.344086021505376,13.978494623655914,6,Li1.6Ti0.6Al0.6Ge0.8P3O12,0.000405,-3.556450979992872
0.08602150537634408,2.824731182795699,20.388301567741934,0.8188172043010752,2.344086021505376,13.548387096774192,5,Li1.6Ti1.4Al0.6P3O12,2.3e-05,-4.638272163982407
0.08602150537634408,2.826344086021505,21.195222903225805,0.8236559139784946,2.376344086021505,13.32258064516129,5,Li1.6Ti1.4Cr0.6P3O12,0.000147,-3.832
0.08602150537634408,2.8311827956989246,21.767058387096775,0.8204301075268816,2.376344086021505,13.548387096774192,5,Li1.6Ti1.4Ga0.6P3O12,1.3e-05,-4.886
0.09090909090909091,2.8479144385026736,21.926891070588237,0.8109625668449197,2.336898395721925,14.224598930481283,5,Li1.7Al0.7Ge1.3P3O12,0.000207,-3.700698036565084
0.09090909090909091,2.856149732620321,23.007341497326202,0.8165775401069518,2.3743315508021388,14.037433155080214,5,Li1.7Fe0.7Ge1.3P3O12,2.37e-05,-4.625
0.09090909090909091,2.8554010695187166,23.526838823529413,0.8128342245989305,2.3743315508021388,14.224598930481283,5,Li1.7Ga0.7Ge1.3P3O12,2.43e-05,-4.614
0.09090909090909091,2.81524064171123,20.204703904812835,0.8213903743315507,2.336898395721925,13.529411764705882,5,Li1.7Ti1.3Al0.7P3O12,3.7e-05,-4.431
0.09139784946236558,2.820591397849462,20.505131590322577,0.8215053763440859,2.349462365591398,13.387096774193548,5,Li1.7Ti1.6Al0.3P3O12,0.00122,-2.913640169325252
0.09574468085106383,2.835851063829787,21.60431472765957,0.8143617021276596,2.329787234042553,14.148936170212764,5,Li1.8Al0.8Ge1.2P3O12,0.000137,-3.863279432843593
0.09574468085106383,2.7952127659574466,20.787926361702127,0.8388297872340426,2.372340425531915,13.085106382978722,5,Li1.8Sc0.8Ti1.2P3O12,0.00088,-3.055
0.09574468085106383,2.8308510638297872,21.340772174468086,0.8159574468085106,2.329787234042553,14.042553191489361,6,Li1.8Ti0.2Al0.8Ge1P3O12,3e-05,-4.522
0.09574468085106383,2.8258510638297873,21.077229621276594,0.8175531914893618,2.329787234042553,13.936170212765955,6,Li1.8Ti0.4Al0.8Ge0.8P3O12,7e-05,-4.154
0.09574468085106383,2.8079787234042555,21.087508829787232,0.8303191489361702,2.372340425531915,13.212765957446807,5,Li1.8Ti1.2Cr0.8P3O12,0.00024,-3.619394379144197
0.049024512256128056,2.845932966483242,48.21522591295647,0.9424212106053026,2.8574287143571784,14.143071535767882,5,Li1.96Ca1.9P6Pb6.12O24,1e-10,-10.0
0.3140495867768595,2.3181818181818183,18.559267768595042,1.0140495867768595,2.347107438016529,9.074380165289256,4,Li1.9Mg0.1Ti1O3.05,1.96e-07,-6.708
0.27536231884057966,2.330144927536232,30.640063840579714,1.1804347826086956,2.8695652173913047,11.231884057971016,4,Li1.9Mn0.9Ga0.1Cl4,2.37e-07,-6.6252516539898965
0.40119760479041916,1.8838323353293411,23.601113209580838,1.1910179640718561,2.6407185628742518,9.820359281437126,4,Li10.05Ge1.05P1.95S12,0.0122,-1.913640169325252
0.40476190476190477,1.8773809523809524,23.74995919047619,1.194047619047619,2.6428571428571432,9.761904761904763,4,Li10.2Ge1.2P1.8S12,0.0132,-1.8794260687941504
0.4047619047619047,1.872714285714286,22.49140680952381,1.1902380952380953,2.614285714285714,9.761904761904761,5,Li10.2Si0.96Sn0.24P1.8S12,0.00782,-2.106793246940152
0.40828402366863903,1.8710059171597633,23.89704368047337,1.1970414201183432,2.6449704142011834,9.70414201183432,4,Li10.35Ge1.35P1.65S12,0.0144,-1.8416375079047504
0.40828402366863903,1.8657869822485205,22.48955018934911,1.1927810650887571,2.6130177514792896,9.70414201183432,5,Li10.35Si1.08Sn0.27P1.65S12,0.011,-1.958607314841775
0.40828402366863903,1.8651479289940827,21.524318828402365,1.1890532544378698,2.591715976331361,9.70414201183432,4,Li10.35Si1.35P1.65S12,0.0065,-2.187043321678572
0.4117647058823529,1.8647058823529412,24.042397764705882,1.2,2.6470588235294117,9.647058823529411,4,Li10.5Ge1.5P1.5S12,0.011,-1.958607314841775
0.4117647058823529,1.858941176470588,22.487715411764704,1.1952941176470588,2.6117647058823525,9.647058823529411,5,Li10.5Si1.2Sn0.3P1.5S12,0.00879,-2.0560111249262283
0.4,1.8860000000000001,23.55110096,1.19,2.64,9.84,4,Li10Ge(PS6)2,0.012,-1.9208187539523751
0.4,1.8816,21.768920959999996,1.184,2.6,9.84,4,Li10Si(PS6)2,0.0023,-2.6381360819912034
0.4,1.88578,23.46199196,1.1896999999999998,2.638,9.84,5,Li10Si0.05Ge0.95P2S12,0.0086,-2.065250774378216
0.4,1.884,25.393900959999996,1.198,2.6799999999999997,9.84,4,Li10Sn(PS6)2,0.00399,-2.3985584639631563
0.4,1.8855520000000001,23.963888159999996,1.191792,2.6489599999999998,9.84,5,Li10Sn0.224Ge0.776P2S12,0.0141,-1.85078088734462
0.4001600640256102,1.8852901160464186,24.139824889955978,1.1926170468187274,2.6526610644257698,9.838335334133653,5,Li10Sn0.33Ge0.66P2S12,0.0064,-2.193820026016113
0.4,1.8848319999999998,24.627296159999997,1.194672,2.66336,9.84,5,Li10Sn0.584Ge0.416P2S12,0.00743,-2.1290111862394245
0.4001600640256102,1.884629851940776,24.748192236894756,1.1952581032412963,2.665866346538615,9.838335334133653,5,Li10Sn0.66Ge0.33P2S12,0.0048,-2.318758762624413
0.4230769230769231,1.8357692307692308,21.156156253846156,1.2000000000000002,2.5769230769230766,9.461538461538462,4,Li11Al(PS6)2,0.000802,-3.095
0.4047619047619048,2.2852380952380953,13.913851190476192,1.0,2.1190476190476195,9.761904761904763,4,Li13.6Si2.8S1.2O16,6e-07,-6.221
0.2413793103448276,2.2434482758620695,26.611110455172412,1.0206896551724138,2.5344827586206895,10.586206896551724,6,Li14Nd5Si11N19O7F2,1.7e-10,-9.769551078621726
0.4,2.241428571428571,20.260954285714284,1.0357142857142856,2.2857142857142856,9.657142857142857,4,Li14Zn(GeO4)4,1e-06,-6.0
0.29310344827586204,1.9922413793103448,44.80512068965517,1.2327586206896552,3.155172413793103,11.379310344827587,3,Li17Sb13S28,1.05e-09,-8.978810700930062
0.14285714285714285,2.637142857142857,27.418695614285713,0.9107142857142856,2.5,13.142857142857142,5,Li1Al0.5Ga0.5Ge1O4,1e-10,-10.0
0.2127659574468085,2.6606382978723406,19.299194212765958,0.8744680851063831,2.25531914893617,12.638297872340427,4,Li1P0.9I0.1O2.7,0.000398,-3.4
0.05555555555555555,2.921222222222222,27.829882555555553,0.8072222222222222,2.477777777777778,14.555555555555555,5,Li1Ti0.4Sn1.6P3O12,3.15e-06,-5.501689446210399
0.05555555555555555,2.916555555555555,27.04273811111111,0.8066666666666666,2.466666666666667,14.444444444444443,5,Li1Ti0.6Sn1.4P3O12,9.42e-06,-5.025949097207123
0.05555555555555555,2.8978888888888887,23.894160333333332,0.8044444444444443,2.4222222222222225,14.0,5,Li1Ti1.4Sn0.6P3O12,2.28e-05,-4.642065152999546
0.05555555555555555,2.881555555555555,22.014471444444442,0.8044444444444443,2.4,13.666666666666666,5,Li1Zr0.2Ti1.8P3O12,8.5e-08,-7.070290537142854
0.05555555555555555,2.8663888888888884,25.145810333333333,0.8152777777777778,2.4722222222222223,13.666666666666666,5,Li1Zr1.5Ti0.5P3O12,6.2e-08,-7.207
0.05555555555555555,2.8628888888888886,25.868426999999997,0.8177777777777777,2.488888888888889,13.666666666666666,5,Li1Zr1.8Ti0.2P3O12,5.6e-08,-7.2514059864969
0.05555555555555555,2.861722222222222,26.10929922222222,0.8186111111111112,2.4944444444444445,13.666666666666666,5,Li1Zr1.9Ti0.1P3O12,3.2e-08,-7.494425010840047
0.42000000000000004,2.1276,13.387129200000002,0.9740000000000001,2.02,7.2,4,Li2.1H0.9Cl1O1,8.05e-08,-7.094
0.3548387096774194,1.8158064516129033,32.275435483870965,1.2451612903225806,2.951612903225806,8.870967741935484,4,Li2.2Zr0.9Zn0.1S3,0.00012,-3.92
0.48,2.0544000000000002,13.743112800000002,1.0459999999999998,2.08,7.2,4,Li2.4H0.6Cl1O1,8.9e-08,-7.05
0.1282051282051282,2.746666666666667,20.725619794871797,0.8474358974358974,2.358974358974359,12.794871794871796,4,Li2.5V2P3O12,1.9e-07,-6.721246399047171
0.2631578947368421,2.3878947368421053,33.69846578947369,1.1894736842105262,2.9473684210526314,11.368421052631579,4,Li2.5Y0.5Zr0.5Cl6,0.0014,-2.853871964321762
0.3225806451612903,1.983548387096774,24.89529187096774,1.1564516129032256,2.7096774193548385,10.903225806451612,4,Li2.5Zn0.25P1S4,0.00084,-3.0757207139381184
0.23530968766543145,2.059946179636492,25.503847361919888,1.1353140991706372,2.7646903123345687,11.470001764602083,4,Li2.667Mg0.667P2S6,4e-06,-5.3979400086720375
0.54,1.9812000000000003,14.099096400000002,1.1179999999999999,2.14,7.2,4,Li2.7H0.3Cl1O1,7.3e-09,-8.136
0.3716129032258064,2.3573161290322577,14.529360258064514,0.9683870967741934,2.129032258064516,10.278709677419354,4,Li2.88P1N0.14O3.73,1.4e-13,-12.85387196216088
0.1457286432160804,2.6838693467336685,20.079478331658294,0.8844221105527639,2.35678391959799,12.361809045226131,5,Li2.9Zr0.1Sc1.9P3O12,7.48e-05,-4.126
0.2857142857142857,1.9200000000000002,11.998468571428571,0.9285714285714286,1.9999999999999998,5.142857142857142,4,Li2Ca(HN)2,6.4e-06,-5.193
0.2857142857142857,2.327142857142857,38.30071428571428,1.207142857142857,3.0,11.714285714285714,3,Li2CdCl4,5.8e-07,-6.236572006437063
0.14285714285714285,2.6707142857142854,29.90931392857143,0.9142857142857141,2.571428571428571,12.928571428571427,4,Li2CoGe3O8,1e-10,-10.0
0.2857142857142857,2.322857142857143,29.670014285714284,1.1857142857142855,2.8571428571428568,10.857142857142856,3,Li2CrCl4,1e-10,-10.0
0.08333333333333333,2.8179166666666666,31.76470833333333,0.8604166666666667,2.5833333333333335,14.166666666666668,3,Li2Ge7O15,5e-16,-15.30103
0.4081632653061225,2.1620408163265306,13.579887004081636,0.9622448979591836,2.0204081632653064,7.346938775510206,5,Li2H0.9Cl1O0.9F0.1,3.86e-05,-4.413412695328245
0.4,2.112,22.158668000000002,0.98,2.2,7.2,4,Li2HBrO,8.699999999999999e-07,-6.093909376976187
0.4,2.152,13.268468000000002,0.9500000000000001,2.0,7.2,4,Li2HClO,7.11e-08,-7.148
0.5,1.8,7.2241599999999995,0.95,1.75,4.5,3,Li2HN,0.000254,-3.595
0.10526315789473684,2.777368421052631,27.856957157894737,0.844736842105263,2.473684210526316,13.105263157894736,5,Li2HfCr(PO4)3,4.2e-08,-7.376750709602099
0.10526315789473684,2.7836842105263155,31.163372947368423,0.8526315789473684,2.526315789473684,13.473684210526315,5,Li2HfIn(PO4)3,2.74e-08,-7.562124718589806
0.10526315789473684,2.754736842105263,28.54235789473684,0.9184210526315789,2.5789473684210527,11.368421052631579,4,Li2Mg2(MoO4)3,5.2675e-11,-10.63562695
0.2857142857142857,2.1585714285714284,51.114714285714285,1.2857142857142856,3.2857142857142856,10.285714285714285,3,Li2MgBr4,7.8e-10,-9.10790539730952
0.2857142857142857,2.2728571428571427,25.714142857142857,1.2,2.7142857142857144,10.285714285714285,3,Li2MgCl4,6.24e-07,-6.204815410317576
0.14285714285714285,2.529285714285714,22.12737142857143,0.9571428571428571,2.5,10.285714285714285,4,Li2MgTi3O8,1e-10,-10.0
0.2857142857142857,2.307142857142857,30.09029214285714,1.1857142857142855,2.8571428571428568,11.0,3,Li2MnCl4,4.79e-06,-5.319664486585436
0.3333333333333333,2.3449999999999998,15.143543666666666,0.9583333333333333,2.1666666666666665,10.666666666666668,4,Li2PNO2,1e-10,-10.0
0.3333333333333333,1.9816666666666667,23.508460333333332,1.15,2.6666666666666665,10.833333333333334,3,Li2PS3,1.1908e-07,-8.209211521471744
0.3333333333333333,1.9333333333333333,23.02708333333333,1.1666666666666665,2.6666666666666665,10.666666666666666,3,Li2SiS3,2e-06,-5.69848500216801
0.3333333333333333,1.9433333333333334,38.13116666666666,1.2249999999999999,3.0,10.666666666666666,3,Li2SnS3,1.43e-05,-4.844954370472159
0.14285714285714285,2.5700000000000003,24.600813928571426,0.9464285714285715,2.571428571428571,10.785714285714285,4,Li2Ti3CoO8,1e-10,-10.0
0.10526315789473684,2.79,20.982062421052632,0.8368421052631578,2.3684210526315788,13.105263157894736,5,Li2TiCr(PO4)3,4.41e-07,-6.355280705266081
0.10526315789473684,2.7989473684210524,21.184636105263156,0.8368421052631578,2.3684210526315788,13.210526315789473,5,Li2TiFe(PO4)3,3.34e-07,-6.476126766594218
0.10526315789473684,2.796315789473684,24.288478210526314,0.844736842105263,2.421052631578947,13.473684210526315,5,Li2TiIn(PO4)3,8.3e-06,-5.080460953811963
0.2857142857142857,2.3185714285714285,29.519357142857142,1.1785714285714284,2.8571428571428568,10.714285714285714,3,Li2VCl4,6.95e-06,-5.158015195409886
0.26666666666666666,2.0393333333333334,27.4427016,1.1433333333333333,2.8000000000000003,11.6,4,Li2Zn0.5P1S4,0.00013,-3.886056647693163
0.14285714285714285,2.654285714285714,30.371871428571428,0.9142857142857141,2.571428571428571,13.142857142857142,4,Li2ZnGe3O8,1e-10,-10.0
0.10526315789473684,2.7789473684210524,23.264009789473683,0.844736842105263,2.421052631578947,13.105263157894736,5,Li2ZrCr(PO4)3,5.91e-07,-6.228206259559372
0.10526315789473684,2.787894736842105,23.46658347368421,0.844736842105263,2.421052631578947,13.210526315789473,5,Li2ZrFe(PO4)3,1.44e-07,-6.841318753952375
0.10526315789473684,2.785263157894737,26.570425578947365,0.8526315789473684,2.473684210526316,13.473684210526315,5,Li2ZrIn(PO4)3,8.22e-08,-7.085064091229975
0.3333333333333333,2.2683333333333335,25.517366666666668,1.0416666666666665,2.5,9.0,3,Li2ZrO3,6.1e-10,-9.214670164989233
0.3333333333333333,1.8383333333333334,33.55016666666667,1.2416666666666667,3.0,9.0,3,Li2ZrS3,7.3e-06,-5.136
0.43277310924369755,2.1501680672268906,11.207374789915969,1.0065126050420168,2.0000000000000004,9.015406162464988,4,Li3.09B1N0.52O2.53,8.65e-07,-6.063
0.3939393939393939,1.896969696969697,23.298008666666668,1.1848484848484848,2.6363636363636362,9.93939393939394,4,Li3.25Ge0.25P0.75S4,0.0022,-2.657577319177794
0.3939393939393939,1.8954545454545455,24.694069272727273,1.190909090909091,2.6666666666666665,9.93939393939394,4,Li3.25Sn0.25P0.75S4,0.0036,-2.4436974992327127
0.3946731234866828,1.8940677966101696,24.77879465859564,1.1917675544794188,2.668280871670702,9.927360774818402,4,Li3.26Sn0.26P0.74S4,0.00453,-2.343901797987168
0.3954050785973398,1.892684401451028,24.86331514631197,1.1926239419588875,2.6698911729141477,9.915356711003628,4,Li3.27Sn0.27P0.73S4,0.00496,-2.3045183235098023
0.39649969824984915,1.8907543753771876,24.936764470730232,1.193633071816536,2.6710923355461675,9.898008449004225,4,Li3.285Sn0.28P0.72S4,0.00436,-2.360513510731414
0.39024390243902446,2.3231707317073167,15.306806048780489,0.9865853658536584,2.1463414634146343,10.0,4,Li3.2Ge0.2P0.8O4,1.14e-06,-5.9430475743317634
0.39024390243902446,1.9036585365853658,23.14368409756098,1.1817073170731707,2.634146341463415,10.0,4,Li3.2Ge0.2P0.8S4,0.0005475,-3.2613535084386616
0.4,2.2647500000000003,14.073474000000001,0.994375,2.125,9.7875,4,Li3.2P1N0.7O3.1,5e-07,-6.301
0.39024390243902446,1.9009756097560975,22.05698897560976,1.1780487804878048,2.609756097560976,10.0,4,Li3.2Si0.2P0.8S4,3.2e-06,-5.494850021680094
0.39024390243902446,2.2685365853658532,17.25487804878049,1.0207317073170732,2.2439024390243905,9.02439024390244,4,Li3.2V0.8Ge0.2O4,1.9e-05,-4.721123199523586
0.28570204011657807,2.019764272244128,24.478436653523058,1.142838162180696,2.714297959883422,11.143408194753986,4,Li3.333Mg0.333P2S6,8.2e-08,-7.086186147616283
0.400119976004799,1.8839112177564488,25.35512364007198,1.197870425914817,2.679064187162567,9.83863227354529,4,Li3.335Sn0.33P0.67S4,0.00373,-2.4282911681913126
0.4011976047904191,1.8838323353293416,23.601113209580834,1.1910179640718563,2.640718562874251,9.820359281437124,4,Li3.35Ge0.35P0.65S4,0.0016853275,-2.7747396395817683
0.3975903614457831,1.8903614457831326,23.450473903614455,1.1879518072289155,2.63855421686747,9.879518072289155,4,Li3.3Ge0.3P0.7S4,0.00174,-2.7594507517174
0.3975903614457831,1.8885542168674698,25.11565462650602,1.195180722891566,2.6746987951807224,9.879518072289155,4,Li3.3Sn0.3P0.7S4,0.00365,-2.4377071355435254
0.40652818991097917,1.8686350148367954,21.576163281899106,1.1879821958456975,2.5934718100890204,9.73293768545994,4,Li3.425Si0.425P0.575S4,0.00565,-2.2479515521805613
0.4082840236686391,1.865147928994083,21.524318828402365,1.1890532544378698,2.5917159763313613,9.704142011834321,4,Li3.45Si0.45P0.55S4,0.00673,-2.171984935776023
0.4100294985250737,1.8616814159292039,21.4727802418879,1.190117994100295,2.5899705014749257,9.67551622418879,4,Li3.475Si0.475P0.525S4,0.00527,-2.2781893847874533
0.4047619047619048,2.286904761904762,16.09967347619048,1.0035714285714286,2.166666666666667,9.761904761904763,4,Li3.4Ge0.4P0.6O4,4.5e-06,-5.346393743112328
0.4047619047619048,1.8773809523809528,23.749959190476194,1.1940476190476192,2.6428571428571432,9.761904761904763,4,Li3.4Ge0.4P0.6S4,0.000654,-3.184422251675733
0.4047619047619048,1.8721428571428576,21.628316333333338,1.1869047619047621,2.595238095238096,9.761904761904763,4,Li3.4Si0.4P0.6S4,0.000662,-3.1791420105603
0.4047619047619047,2.246904761904762,17.525940476190474,1.0285714285714287,2.238095238095238,9.047619047619047,4,Li3.4V0.6Ge0.4O4,8.89e-07,-6.051049119514893
0.4117647058823529,2.236470588235294,17.65668823529412,1.0323529411764705,2.235294117647059,9.058823529411764,4,Li3.5V0.5Ge0.5O4,7e-05,-4.154
0.2413793103448276,2.555862068965517,19.434636137931033,0.9103448275862068,2.275862068965517,12.0,5,Li3.5Zn0.5Ga0.5P2O8,1e-10,-10.0
0.4186046511627907,1.8565116279069767,23.359053162790698,1.2,2.6279069767441863,9.558139534883722,4,Li3.6Ge0.4P0.6S4,0.000221356,-3.654
0.41860465116279066,2.252325581395349,16.855663348837204,1.0197674418604652,2.1860465116279064,9.534883720930232,4,Li3.6Ge0.6P0.4O4,1.1e-05,-4.958303657420887
0.41860465116279066,1.852325581395349,24.32803544186046,1.205813953488372,2.651162790697674,9.534883720930232,4,Li3.6Ge0.6P0.4S4,0.000175,-3.7569619513137056
0.41860465116279066,1.8446511627906979,21.21958195348837,1.1953488372093022,2.581395348837209,9.534883720930232,4,Li3.6Si0.6P0.4S4,7.475e-05,-4.126635554808559
0.4186046511627907,2.2262790697674415,17.784395348837208,1.036046511627907,2.2325581395348837,9.069767441860465,4,Li3.6V0.4Ge0.6O4,3.19e-05,-4.49610465847141
0.42857142857142855,2.218,13.581018914285714,1.0185714285714285,2.1142857142857143,9.37142857142857,4,Li3.75Si0.75P0.25O4,5.54e-07,-6.256245117635785
0.42857142857142855,2.2114285714285713,17.970482857142855,1.0414285714285714,2.2285714285714286,9.085714285714285,4,Li3.75V0.25Ge0.75O4,5.66e-06,-5.247183568811729
0.4252873563218391,2.235459770114942,20.574632183908047,1.0379310344827584,2.264367816091954,9.252873563218392,4,Li3.7Ge0.85W0.15O4,3.8e-05,-4.42021640338319
0.25170068027210885,2.532244897959184,19.20596081632653,0.9183673469387755,2.2721088435374153,11.836734693877553,5,Li3.7Zn0.7Ga0.3P2O8,5.65e-12,-11.24795155218056
0.43181818181818177,2.2193181818181817,17.577290045454546,1.0352272727272727,2.204545454545454,9.318181818181818,4,Li3.8Ge0.8P0.2O4,1.03e-06,-5.987081387647415
0.43181818181818177,1.8284090909090907,24.8798355,1.2170454545454543,2.6590909090909087,9.318181818181818,4,Li3.8Ge0.8P0.2S4,1.78e-06,-5.749579997691106
0.43181818181818177,1.8184090909090909,20.829426409090907,1.2034090909090907,2.568181818181818,9.318181818181818,4,Li3.8Si0.8P0.2S4,8.11e-07,-6.090979145788844
0.43181818181818177,2.2065909090909086,18.031102272727274,1.043181818181818,2.227272727272727,9.09090909090909,4,Li3.8V0.2Ge0.8O4,2.71e-06,-5.567015354562797
0.4357541899441341,1.8139106145251398,25.836910614525138,1.225977653631285,2.681564245810056,9.217877094972067,4,Li3.9Zn0.05Ge1S4,2.84e-07,-6.546
0.3,2.843,16.179495779999996,0.8600000000000001,2.1,11.799999999999999,3,Li3AlF6,5e-07,-6.301029995663981
0.3,1.7750000000000001,5.38521786,0.7100000000000001,1.5,2.2,3,Li3AlH6,1.4e-07,-6.853871964321762
0.5,1.7716666666666665,12.636323099999998,1.15,2.1666666666666665,7.666666666666666,3,Li3AlN2,5e-08,-7.301029995663981
0.42857142857142855,1.7557142857142858,20.571362657142856,1.2285714285714284,2.571428571428571,9.142857142857142,3,Li3AlS3,1.31e-08,-7.882364352172118
0.21428571428571427,2.6342857142857143,15.826908857142856,0.857142857142857,2.142857142857143,12.428571428571427,4,Li3B(PO4)2,9.6e-12,-11.017728766960431
0.5,1.8433333333333333,9.941233333333333,1.0833333333333335,2.0,7.666666666666666,3,Li3BN2,4.358e-08,-8.42818038236273
0.42857142857142855,2.182857142857143,39.68594285714286,1.107142857142857,2.571428571428571,9.428571428571427,3,Li3BiO3,2.4e-10,-9.619788758288394
0.375,2.34,36.725125,1.04375,2.5,10.25,3,Li3BiO4,4.1e-10,-9.387216143280265
0.6,1.888,18.900180000000002,1.205,2.3000000000000003,7.2,4,Li3Br0.5Cl0.5O1,0.000938,-3.027
0.6,1.8679999999999999,23.345280000000002,1.2200000000000002,2.4,7.2,3,Li3BrO,1.08e-06,-5.966303657420887
0.6,1.9080000000000004,14.455080000000002,1.19,2.2,7.2,3,Li3ClO,0.0125705,-2.726029995663981
0.15789473684210525,2.75578947368421,29.085889473684208,0.9105263157894736,2.5789473684210527,11.526315789473683,4,Li3Cr(MoO4)3,3.19e-09,-8.49610465847141
0.3,2.0140000000000002,94.950882,1.45,4.2,10.799999999999999,3,Li3ErI6,0.00065,-3.1870866433571443
0.15789473684210525,2.764736842105263,29.288463157894736,0.9105263157894736,2.5789473684210527,11.631578947368421,4,Li3Fe(MoO4)3,5.89e-10,-9.229442352606448
0.15,2.7225,20.8713543,0.8674999999999999,2.3499999999999996,12.8,4,Li3Fe2(PO4)3,1.11e-08,-7.953
0.3,2.048,17.977263,0.805,1.9,5.4,4,Li3H4IN2,1e-05,-5.0
0.3,2.368,34.8359,1.19,2.9,11.799999999999999,3,Li3InCl6,0.00204,-2.690369832574101
0.75,1.495,8.707425,1.25,2.0,4.5,2,Li3N,0.000575,-3.24
0.15,2.592,45.03709,0.995,2.9,11.8,4,Li3Nd3(TeO6)2,1e-10,-10.0
0.75,1.2825,12.9491905,1.3375,2.25,4.5,2,Li3P,0.0008515,-3.076522337490088
0.375,2.36125,14.47429525,0.96875,2.125,10.25,3,Li3PO4,1.75e-13,-12.756961951313706
0.375,1.93125,22.50709525,1.16875,2.625,10.25,3,Li3PS4,8.93e-07,-6.049148541111453
0.42857142857142855,1.8185714285714285,34.11114285714285,1.2571428571428571,2.8571428571428568,9.428571428571427,3,Li3SbS3,1e-09,-9.0
0.375,1.91375,33.855374999999995,1.225,2.875,10.25,3,Li3SbS4,4.8e-09,-8.318758762624412
0.15,2.6805000000000003,19.422958031999997,0.8805000000000001,2.33,12.5,5,Li3Sc1.6Al0.4P3O12,1.28e-05,-4.892
0.15,2.6755,19.7824455,0.8875000000000001,2.3499999999999996,12.3,4,Li3Sc2(PO4)3,1e-10,-10.0
0.375,2.34725,14.9734887,0.9774999999999998,2.15,10.0,4,Li3V0.2P0.8O4,2.05e-13,-12.688246139472124
0.375,2.33325,15.47268215,0.9862499999999998,2.175,9.75,4,Li3V0.4P0.6O4,3.2e-13,-12.494850020840047
0.375,2.31925,15.9718756,0.9950000000000001,2.2,9.5,4,Li3V0.6P0.4O4,3.55e-13,-12.449771648472453
0.375,2.30525,16.47106905,1.00375,2.2249999999999996,9.25,4,Li3V0.8P0.2O4,1.31e-13,-12.883559097172116
0.375,2.29125,16.9702625,1.0125,2.25,9.0,3,Li3VO4,9.2e-14,-13.03621217
0.3,2.192,58.915285,1.305,3.5,10.799999999999999,3,Li3YBr6,0.00192,-2.7166987712964503
0.3,2.312,32.244685000000004,1.2149999999999999,2.9,10.799999999999999,3,Li3YCl6,0.000539,-3.268411234813261
0.4594594594594595,2.1354054054054057,13.114201043243245,1.0486486486486486,2.108108108108108,8.864864864864865,4,Li4.25Al0.25Si0.75O4,2.02e-08,-7.694824315276689
0.46798029556650245,1.772096332785988,24.047501368363434,1.235495347564313,2.6261631089217294,8.764641488779418,4,Li4.275Ga0.25Ge0.61S4,6.34e-05,-4.197
0.4565217391304348,1.7693478260869568,20.138794317391305,1.2195652173913043,2.5434782608695654,8.913043478260871,4,Li4.2Al0.2Si0.8S4,2.4e-08,-7.619788758288394
0.4565217391304348,1.7832608695652175,24.942260869565217,1.233695652173913,2.6521739130434785,8.913043478260871,4,Li4.2Ga0.2Ge0.8S4,6.5e-05,-4.187
0.46808510638297873,1.753404255319149,22.678405897872338,1.2372340425531916,2.595744680851064,8.72340425531915,4,Li4.4Al0.4Ge0.6S4,4.3150000000000005e-05,-4.364765772210207
0.46808510638297873,1.7463829787234042,19.83450164255319,1.2276595744680852,2.5319148936170213,8.72340425531915,4,Li4.4Al0.4Si0.6S4,3.05e-08,-7.515700160653214
0.46808510638297873,1.750212765957447,25.619044195744678,1.25,2.6595744680851063,8.72340425531915,4,Li4.4Al0.4Sn0.6S4,4.345e-06,-5.361765772210207
0.46808510638297873,1.7619148936170212,24.4971914893617,1.2393617021276595,2.6382978723404253,8.72340425531915,4,Li4.4Ga0.4Ge0.6S4,1.63e-05,-4.787
0.46808510638297873,1.7587234042553193,27.43782978723404,1.2521276595744681,2.702127659574468,8.72340425531915,4,Li4.4Ga0.4Sn0.6S4,3.2e-06,-5.494
0.47916666666666663,1.7243750000000002,19.542887829166666,1.2354166666666666,2.520833333333333,8.541666666666668,4,Li4.6Al0.6Si0.4S4,1.46e-08,-7.835647144215563
0.48979591836734687,1.7032653061224488,19.26317662040816,1.2428571428571427,2.5102040816326525,8.367346938775508,4,Li4.8Al0.8Si0.2S4,6.495e-07,-6.305582258830055
0.26495726495726496,2.2936752136752134,36.64668776581197,1.0841880341880339,2.7863247863247866,9.316239316239317,6,Li49.6La24Zr14.4Ta1.6Al1.6O96,0.000614,-3.211831628858832
0.4444444444444444,2.1776333333333335,14.223353799777776,1.0380000000000003,2.13,9.11111111111111,6,Li4Al0.33Si0.17Ge0.17P0.33O4,1.61e-06,-5.792
0.44493882091212456,2.1758620689655173,13.365413147719687,1.0350945494994437,2.110122358175751,9.10567296996663,5,Li4Al0.33Si0.33P0.33O4,3.25e-06,-5.487558319510563
0.16666666666666666,2.6100000000000003,13.786950000000001,0.83125,2.041666666666667,12.666666666666668,4,Li4B7ClO12,1.05e-06,-6.349485002168009
0.2222222222222222,2.06,5.037472222222222,0.6166666666666667,1.4444444444444444,4.0,4,Li4BH10N3,0.0002,-3.698
0.4444444444444444,1.7988888888888885,35.82822222222222,1.261111111111111,2.888888888888889,9.11111111111111,4,Li4Ge(SeS)2,2.8e-05,-4.552841968657781
0.4444444444444444,2.187777777777778,18.266844444444445,1.0499999999999998,2.2222222222222223,9.11111111111111,3,Li4GeO4,1.3e-12,-11.886056647693165
0.4444444444444444,1.8055555555555556,25.40711111111111,1.2277777777777776,2.6666666666666665,9.11111111111111,3,Li4GeS4,2.255e-07,-6.649485002168009
0.4444444444444444,1.7955555555555553,41.038777777777774,1.2777777777777777,3.0,9.11111111111111,4,Li4GeSe3S,1.5e-05,-4.823908740944319
0.4444444444444444,1.792222222222222,46.249333333333325,1.2944444444444443,3.1111111111111107,9.11111111111111,3,Li4GeSe4,5e-06,-5.301029995663981
0.4444444444444444,1.802222222222222,30.617666666666665,1.2444444444444442,2.7777777777777777,9.11111111111111,4,Li4GeSeS3,8.5e-06,-5.070581074285707
0.19047619047619047,2.5128571428571425,42.944895238095235,1.019047619047619,2.857142857142857,11.238095238095237,5,Li4Nd3SbTeO12,8.7e-09,-8.060240373690691
0.3076923076923077,2.4907692307692306,15.515948,0.9230769230769231,2.153846153846154,11.23076923076923,3,Li4P2O7,1e-10,-10.0
0.4,1.909,31.3902232,1.22,2.8000000000000003,10.0,4,Li4PS4I,9.13e-05,-4.061909376976188
0.4444444444444444,2.1755555555555555,13.316344444444443,1.0333333333333332,2.1111111111111107,9.11111111111111,3,Li4SiO4,2e-10,-9.698
0.4444444444444444,1.7933333333333334,20.45661111111111,1.211111111111111,2.5555555555555554,9.11111111111111,3,Li4SiS4,4.93e-08,-7.30715308072277
0.4444444444444444,1.793333333333333,40.947111111111106,1.2833333333333332,2.9999999999999996,9.11111111111111,4,Li4Sn(SeS)2,3.6e-05,-4.443697499232712
0.4444444444444444,1.790833333333333,47.529055555555544,1.2999999999999998,3.1388888888888884,9.11111111111111,4,Li4Sn0.25Ge0.75Se4,6e-06,-5.221848749616356
0.4444444444444444,1.7894444444444442,48.80877777777777,1.3055555555555554,3.1666666666666665,9.11111111111111,4,Li4Sn0.5Ge0.5Se4,1.8e-06,-5.7447274948966935
0.4444444444444444,1.7880555555555553,50.088499999999996,1.311111111111111,3.194444444444444,9.11111111111111,4,Li4Sn0.75Ge0.25Se4,8.3e-07,-6.080921907623926
0.4444444444444444,1.8,30.525999999999996,1.25,2.7777777777777777,9.11111111111111,3,Li4SnS4,7e-05,-4.154450979992872
0.4444444444444444,1.7899999999999998,46.15766666666666,1.2999999999999998,3.111111111111111,9.11111111111111,4,Li4SnSe3S,9.5e-07,-6.022276394711152
0.4444444444444444,1.7866666666666664,51.368222222222215,1.3166666666666664,3.2222222222222223,9.11111111111111,3,Li4SnSe4,1.00225e-05,-6.022878745280337
0.4444444444444444,1.7966666666666664,35.73655555555555,1.2666666666666666,2.888888888888889,9.11111111111111,4,Li4SnSeS3,7.5e-05,-4.1249387366083
0.26666666666666666,2.498,18.8743816,0.9299999999999999,2.2666666666666666,11.6,4,Li4Zn(PO4)2,5.0000002775e-11,-13.627853508438662
0.2311191992720655,2.3813512283894447,43.34750449499545,1.0559599636032755,2.8739763421292084,9.790263876251137,5,Li5.08La3Zr0.39Ta1.51O12,0.000103,-3.987162775294828
0.23423423423423426,2.38009009009009,37.39707734234234,1.0596846846846848,2.810810810810811,9.72972972972973,5,Li5.2La3Y0.1Nb1.9O12,6.39e-05,-4.1944991418416
0.23766816143497757,2.3643273542600896,44.9687931838565,1.0625560538116592,2.896860986547085,9.68609865470852,5,Li5.3La3Sm0.15Ta1.85O12,7.11e-06,-5.148130399270234
0.2410714285714286,2.365892857142857,37.107288571428576,1.0647321428571428,2.803571428571429,9.642857142857142,5,Li5.4La3Y0.2Nb1.8O12,6.74e-05,-4.17134010346468
0.23529411764705882,2.3384313725490196,38.348648431372546,1.0823529411764707,2.856209150326797,9.483660130718953,5,Li5.4La3Y0.75Nb1.8O12,2.51e-05,-4.599663139259481
0.24526640246587406,2.333390576838397,36.701182584764425,1.0741963892558344,2.8005284015852046,9.508586525759576,5,Li5.57La2.95Zr2Fe0.19O12,0.00138,-2.8601209135987635
0.24444444444444444,2.365111111111111,37.2522388888889,1.0644444444444443,2.8,9.71111111111111,5,Li5.5La3Nb1.75In0.25O12,2.4e-05,-4.619394379144197
0.24444444444444444,2.3505555555555557,44.494822222222226,1.0677777777777777,2.8888888888888893,9.6,5,Li5.5La3Sm0.25Ta1.75O12,5.17e-06,-5.286509456906058
0.24444444444444444,2.358888888888889,36.96432611111112,1.067222222222222,2.8,9.6,5,Li5.5La3Y0.25Nb1.75O12,9.18e-05,-4.037157318798758
0.2391304347826087,2.3276086956521738,37.57366130434782,1.0771739130434783,2.826086956521739,9.608695652173912,5,Li5.5La3Zr2Ga0.5O12,0.0001,-4.0
0.2391304347826087,2.3284782608695656,37.340568230434776,1.0630434782608695,2.804347826086956,9.608695652173912,5,Li5.5Nd3Zr2Al0.5O12,3.9e-05,-4.4089353929735005
0.24923211935059236,2.3275208424747698,36.53233946906538,1.0755813953488373,2.7950855638437915,9.469504168494954,5,Li5.68La2.95Zr2Fe0.16O12,0.000935,-3.0291883891274822
0.2516498020237572,2.3400439947206335,36.877383635547744,1.0704575450945888,2.7813462384513863,9.573251209854817,6,Li5.72La3Zr1.5Al0.26W0.25O12,0.00049,-3.309803919971486
0.25241864555848725,2.328504837291117,38.51629243623571,1.0740105540897098,2.813544415127528,9.465259454705365,5,Li5.74La3Zr1.5Ta0.5O12,0.000903,-3.0443122496864943
0.2511013215859031,2.337026431718062,44.029203171806174,1.072907488986784,2.8810572687224667,9.515418502202643,5,Li5.7La3Sm0.35Ta1.65O12,2.15e-05,-4.667561540084395
0.25764192139737996,2.3237336244541487,43.571717205240176,1.0779475982532751,2.8733624454148474,9.43231441048035,5,Li5.9La3Sm0.45Ta1.55O12,1.18e-05,-4.928117992693875
0.2711864406779661,2.2811016949152543,35.634572784745764,1.088135593220339,2.7711864406779663,9.23728813559322,5,Li51.2La24Zr16Al1.6O96,0.000254,-3.595166283380062
0.5,2.027,12.56841386,1.0899999999999999,2.1,8.200000000000001,3,Li5AlO4,5e-10,-9.30102999566398
0.5,1.683,18.99465386,1.25,2.5,8.200000000000001,3,Li5AlS4,7e-09,-8.376435982160881
0.25,1.9545000000000001,11.1812141,0.7975000000000001,1.85,5.9,5,Li5B2P(H2S)4,0.00488,-2.421863747448347
0.45454545454545453,2.1927272727272724,29.425672727272726,1.0772727272727272,2.3636363636363638,9.09090909090909,3,Li5BiO5,3.9e-09,-8.4089353929735
0.5,2.047,16.84256,1.095,2.2,8.200000000000001,3,Li5GaO4,5e-09,-8.301029995663981
0.625,1.6575000000000002,37.81508,1.3375000000000001,2.75,6.75,3,Li5I2N,1.5e-07,-6.823
0.22727272727272727,2.4327272727272726,48.244318636363644,1.0681818181818181,2.909090909090909,10.727272727272727,4,Li5La3(BiO6)2,2e-05,-4.698
0.22727272727272727,2.4354545454545455,40.315191363636366,1.0545454545454545,2.8181818181818183,10.727272727272727,4,Li5La3(SbO6)2,3.33e-06,-5.47755576649368
0.22727272727272727,2.3945454545454545,37.692135,1.0545454545454545,2.8181818181818183,9.818181818181817,4,Li5La3Nb2O12,6.54e-06,-5.195523150362069
0.22727272727272727,2.3854545454545453,45.695907727272726,1.0545454545454545,2.909090909090909,9.818181818181817,4,Li5La3Ta2O12,3.4e-06,-5.468
0.22727272727272727,2.3936818181818182,37.68304288636364,1.0553409090909092,2.8181818181818183,9.813636363636363,5,Li5La3Y0.05Nb1.95O12,1.34e-05,-4.872895201635193
0.22727272727272727,2.3919545454545452,37.66485865909091,1.0569318181818181,2.8181818181818183,9.804545454545455,5,Li5La3Y0.15Nb1.85O12,5.71e-06,-5.243363891754152
0.22727272727272727,2.3928181818181815,37.67395077272728,1.0561363636363637,2.8181818181818183,9.809090909090909,5,Li5La3Y0.1Nb1.9O12,1.44e-05,-4.841637507904751
0.22727272727272727,2.3902272727272726,37.646674431818184,1.0585227272727273,2.8181818181818183,9.795454545454545,5,Li5La3Y0.25Nb1.75O12,9.68e-06,-5.014124642691606
0.22727272727272727,2.391090909090909,37.65576654545455,1.0577272727272726,2.818181818181818,9.799999999999999,5,Li5La3Y0.2Nb1.8O12,9.13e-06,-5.039529222465701
0.22727272727272727,2.4409090909090905,41.0429,1.0409090909090908,2.8181818181818183,10.727272727272727,4,Li5Nd3(SbO6)2,3.44e-07,-6.569528323846582
0.46257197696737046,1.8385604606525914,24.02687757773512,1.2198656429942418,2.614203454894434,9.059500959692897,5,Li6.025Si0.025P0.975S5Br1,0.000878,-3.056505484093897
0.46236559139784944,1.8390015360983103,24.03454813824885,1.2197388632872506,2.614439324116743,9.062980030721967,5,Li6.02Si0.02P0.98S5Br1,0.000874,-3.058
0.259656652360515,2.3059871244635195,36.53136526351931,1.082725321888412,2.7939914163090127,9.377682403433477,6,Li6.05La3Zr2Ga0.25O11.8F0.2,0.00128,-2.892790030352132
0.4636015325670498,1.836360153256705,23.988612942528732,1.220498084291188,2.6130268199233715,9.042145593869732,5,Li6.05Si0.05P0.95S5Br1,0.000439,-3.3572592815147893
0.4646271510516253,1.8341682600382407,23.950494634799238,1.2211281070745696,2.611854684512428,9.024856596558319,5,Li6.075Si0.075P0.925S5Br1,0.000873,-3.0589857562944305
0.4648318042813456,1.8337308868501532,23.942888458715593,1.2212538226299694,2.611620795107034,9.021406727828746,5,Li6.08Si0.08P0.92S5Br1,0.000864,-3.063
0.4666666666666667,1.8298095238095238,23.874693657142856,1.2223809523809523,2.609523809523809,8.99047619047619,5,Li6.125Si0.125P0.875S5Br1,0.000902,-3.0447934624580584
0.4657534246575342,1.8307914764079147,23.893041537290713,1.2219178082191782,2.6103500761035003,9.00304414003044,5,Li6.12Si0.12P0.9S5Br1,0.0009,-3.045
0.4668697638994669,1.8293754760091396,23.86714531150038,1.2225057121096723,2.609291698400609,8.987052551408988,5,Li6.13Si0.13P0.87S5Br1,0.000901,-3.045
0.467680608365019,1.8060836501901139,27.9194157946768,1.243726235741445,2.6958174904942966,8.97338403041825,5,Li6.15Ge0.15P0.85S5I1,3.93e-05,-4.405607449624573
0.2633832976445396,2.2968522483940044,36.90242559828694,1.083190578158458,2.790149892933619,9.336188436830835,6,Li6.15La3Zr1.75Ta0.25Al0.2O12,0.00037,-3.431798275933005
0.2633832976445396,2.2985653104925055,37.268519486081374,1.0836188436830834,2.7987152034261245,9.336188436830835,6,Li6.15La3Zr1.75Ta0.25Ga0.2O12,0.00041,-3.3872161432802645
0.46869070208728647,1.8254838709677417,23.799468018975325,1.2236242884250474,2.607210626185958,8.956356736242883,5,Li6.175Si0.175P0.825S5Br1,0.000931,-3.0310503190186573
0.46848899012908124,1.8259149582384209,23.806964879271074,1.2235003796507213,2.607441154138193,8.959757023538344,5,Li6.17Si0.17P0.83S5Br1,0.000929,-3.031
0.46564885496183206,1.8099236641221375,27.840454641221378,1.2419847328244273,2.6946564885496183,9.007633587786259,5,Li6.1Ge0.1P0.9S5I1,8.86e-06,-5.052566278112949
0.26406926406926406,2.3106709956709954,43.122153073593076,1.0829004329004328,2.865800865800866,9.35064935064935,5,Li6.1La3Sm0.55Ta1.45O12,1.4e-05,-4.853871964321762
0.46387832699619774,1.8333460076045625,23.939370638783274,1.220912547528517,2.612167300380228,9.030418250950571,5,Li6.1Si0.1P0.95S5Br1,0.000799,-3.097453220686009
0.46564885496183206,1.8319847328244276,23.91252181679389,1.2217557251908397,2.610687022900764,9.007633587786259,5,Li6.1Si0.1P0.9S5Br1,0.000805,-3.094
0.4706994328922495,1.8211909262759924,23.724811194706994,1.2248582230623817,2.6049149338374296,8.92249527410208,5,Li6.225Si0.225P0.775S5Br1,0.00108,-2.96657624451305
0.470499243570348,1.8216187594553706,23.732251464447806,1.2247352496217851,2.605143721633888,8.92586989409985,5,Li6.22Si0.22P0.78S5Br1,0.00108,-2.966
0.4716981132075472,1.798490566037736,28.075550301886793,1.2471698113207548,2.69811320754717,8.905660377358492,5,Li6.25Ge0.25P0.75S5I1,0.00015,-3.823908740944319
0.26595744680851063,2.290106382978723,36.25400893617021,1.0867021276595743,2.7872340425531914,9.297872340425531,5,Li6.25La3Zr2Ga0.25O12,0.00035,-3.455465977824862
0.4716981132075472,1.828679245283019,20.32347260377358,1.2122641509433962,2.5283018867924527,8.90566037735849,4,Li6.25P1S5.25Cl0.75,0.014,-1.853
0.4716981132075472,1.8190566037735851,23.687694075471697,1.2254716981132077,2.6037735849056602,8.905660377358492,5,Li6.25Si0.25P0.75S5Br1,0.001455,-2.83689044367231
0.2663829787234043,2.287710638297872,35.790784649531915,1.0862553191489361,2.7761702127659573,9.292765957446807,5,Li6.26La3Zr2Al0.24O12,0.00021,-3.677780705266081
0.4696969696969697,1.8022727272727272,27.997778757575755,1.2454545454545454,2.6969696969696972,8.93939393939394,5,Li6.2Ge0.2P0.8S5I1,3.19e-05,-4.496209316942819
0.26724137931034486,2.3229310344827585,37.009491810344834,1.0801724137931035,2.775862068965518,9.655172413793103,5,Li6.2La3Zr1.2Sb0.8O12,0.00045,-3.346393743112328
0.26724137931034486,2.3039655172413793,39.05045318965518,1.0801724137931035,2.8103448275862073,9.310344827586208,5,Li6.2La3Zr1.2Ta0.8O12,0.00032,-3.494425010840047
0.26724137931034486,2.3124137931034485,36.03783663793104,1.081896551724138,2.775862068965518,9.310344827586208,5,Li6.2La3Zr1.6Mo0.4O12,0.00034,-3.4685210829577446
0.4696969696969697,1.8233333333333333,23.762068909090907,1.2242424242424244,2.606060606060606,8.93939393939394,5,Li6.2Si0.2P0.8S5Br1,0.001835,-2.737556647693163
0.4756554307116105,1.8105992509363296,23.540615752808986,1.2279026217228464,2.5992509363295877,8.838951310861423,5,Li6.35Si0.35P0.65S5Br1,0.00232,-2.6343920712949283
0.47368421052631576,1.794736842105263,28.152737097744357,1.2488721804511278,2.699248120300752,8.87218045112782,5,Li6.3Ge0.3P0.7S5I1,0.00065,-3.1870866433571443
0.47368421052631576,1.8148120300751878,23.61387845112782,1.2266917293233084,2.6015037593984958,8.87218045112782,5,Li6.3Si0.3P0.7S5Br1,0.00174,-2.7597580278930467
0.2758326216908625,2.2743040136635355,35.578231630657555,1.0906490179333903,2.768573868488471,9.178906917164815,5,Li6.46La3Zr1.95Al0.15O11.86,8.3e-05,-4.08
0.47761194029850745,1.7873134328358207,28.30538262686567,1.2522388059701492,2.7014925373134324,8.80597014925373,5,Li6.4Ge0.4P0.6S5I1,0.0015,-2.8239087409443187
0.27350427350427353,2.3052991452991454,36.491504700854705,1.0841880341880343,2.7692307692307696,9.487179487179489,5,Li6.4La3Zr1.4Sb0.6O12,0.00066,-3.1802280322290657
0.27350427350427353,2.2911965811965813,38.00914264957265,1.0841880341880343,2.7948717948717956,9.230769230769232,5,Li6.4La3Zr1.4Ta0.6O12,0.00153,-2.843
0.27350427350427353,2.297478632478633,35.768991880341886,1.0854700854700856,2.7692307692307696,9.230769230769232,5,Li6.4La3Zr1.7Mo0.3O12,0.000369,-3.43297363384094
0.2736212056434374,2.27147926464301,35.806165982642156,1.0922402736212056,2.7776827704147076,9.177853783668235,5,Li6.4La3Zr2Al0.19O11.8,0.00031,-3.508319153082864
0.2711864406779661,2.282796610169491,35.996788559322034,1.0885593220338983,2.7796610169491522,9.23728813559322,5,Li6.4La3Zr2Ga0.2O12,0.0009,-3.045
0.2781316348195329,2.2817622080679407,37.23976670912951,1.0871549893842887,2.78343949044586,9.171974522292993,5,Li6.55La3Zr1.55Ta0.45O12,0.0004,-3.397940008672037
0.26789366053169733,2.261267893660532,36.784108793456035,1.0968302658486708,2.809815950920245,9.29447852760736,5,Li6.55La3Zr2Ga0.9O12,0.0013,-2.886
0.48148148148148145,1.78,28.45576674074074,1.2555555555555555,2.7037037037037037,8.74074074074074,5,Li6.5Ge0.5P0.5S5I1,0.00186,-2.7304870557820835
0.2765957446808511,2.2921276595744677,35.601620106382974,1.0909574468085106,2.7659574468085104,9.191489361702127,5,Li6.5La3Y0.75Nb1.25O12,0.00027,-3.5683181179205063
0.2765957446808511,2.2848936170212766,37.49513404255318,1.0861702127659572,2.787234042553191,9.191489361702127,5,Li6.5La3Zr1.5Ta0.5O12,0.000794,-3.1
0.2765957446808511,2.290106382978723,35.636285531914886,1.0872340425531912,2.7659574468085104,9.191489361702127,5,Li6.5La3Zr1.75Mo0.25O12,0.000333,-3.4775557664936803
0.2765957446808511,2.2894680851063827,35.973094042553186,1.0867021276595743,2.7659574468085104,9.297872340425531,5,Li6.5La3Zr1.75Te0.25O12,0.0005635,-3.481699914119041
0.48148148148148145,1.798148148148148,23.32408377777778,1.2314814814814816,2.5925925925925926,8.74074074074074,5,Li6.5Si0.5P0.5S5Br1,0.002245,-2.6487779425799407
0.3939393939393939,2.3106060606060606,14.158490484848485,0.9863636363636363,2.121212121212121,9.93939393939394,4,Li6.5Si0.5P1.5O8,4.49e-07,-6.347753658996677
0.28118393234672306,2.27553911205074,36.732271374207194,1.0891120507399576,2.775898520084567,9.133192389006345,5,Li6.65La3Zr1.65Ta0.35O12,0.00046,-3.337242168318426
0.4852941176470588,1.7727941176470587,28.603939323529413,1.2588235294117647,2.705882352941176,8.676470588235293,5,Li6.6Ge0.6P0.4S5I1,0.00521,-2.283162276700476
0.2796610169491525,2.281186440677966,35.926167457627116,1.0849576271186439,2.758474576271186,9.152542372881356,6,Li6.6La2.5Y0.5Zr1.6Ta0.4O12,0.000226,-3.6454457804263
0.2796610169491525,2.2799152542372885,36.45582444915254,1.0865466101694916,2.7690677966101696,9.152542372881356,6,Li6.6La2.75Y0.25Zr1.6Ta0.4O12,0.000436,-3.360256755365707
0.2796610169491525,2.279279661016949,36.72065294491525,1.087341101694915,2.774364406779661,9.152542372881356,6,Li6.6La2.875Y0.125Zr1.6Ta0.4O12,0.000317,-3.498470368891124
0.2796610169491525,2.287966101694915,35.982297033898305,1.088135593220339,2.7627118644067794,9.322033898305085,5,Li6.6La3Zr1.6Sb0.4O12,0.00077,-3.113254637413759
0.2796610169491525,2.27864406779661,36.985481440677965,1.088135593220339,2.7796610169491522,9.152542372881356,5,Li6.6La3Zr1.6Ta0.4O12,0.0006,-3.232289640971913
0.2796610169491525,2.282796610169492,35.504703813559324,1.0889830508474578,2.7627118644067794,9.152542372881356,5,Li6.6La3Zr1.8Mo0.2O12,0.000311,-3.5072396109731625
0.28421052631578947,2.270421052631579,35.30229705263158,1.0910526315789473,2.7578947368421054,9.094736842105263,5,Li6.75La3Zr1.75Nb0.25O12,0.0008,-3.096455006504028
0.28421052631578947,2.269368421052632,36.22904968421052,1.0910526315789473,2.768421052631579,9.094736842105263,5,Li6.75La3Zr1.75Ta0.25O12,0.00075,-3.1302403736906905
0.28421052631578947,2.2716315789473684,35.47604042105263,1.0913157894736842,2.757894736842106,9.147368421052631,5,Li6.75La3Zr1.875Te0.125O12,0.00018385,-3.9527430300610567
0.48905109489051096,1.7656934306569343,28.749948802919707,1.2620437956204382,2.7080291970802923,8.613138686131387,5,Li6.7Ge0.7P0.3S5I1,0.00554,-2.25649023527157
0.28270042194092826,2.2724472573839662,36.48012970464136,1.090084388185654,2.7721518987341773,9.113924050632912,5,Li6.7La3Zr1.7Ta0.3O12,0.00086,-3.074075454631372
0.49275362318840576,1.7586956521739132,28.893842202898547,1.2652173913043478,2.7101449275362315,8.55072463768116,5,Li6.8Ge0.8P0.2S5I1,0.00258,-2.58838029403677
0.2857142857142857,2.270924369747899,35.48164747899159,1.092016806722689,2.7563025210084033,9.159663865546218,5,Li6.8La3Zr1.8Sb0.2O12,5.9e-05,-4.229073994178928
0.2857142857142857,2.266302521008403,35.97902462184874,1.092016806722689,2.764705882352941,9.07563025210084,5,Li6.8La3Zr1.8Ta0.2O12,0.00028,-3.552
0.2857142857142857,2.268361344537815,35.24485756302521,1.0924369747899159,2.7563025210084033,9.07563025210084,5,Li6.8La3Zr1.9Mo0.1O12,8e-05,-4.096910013008056
0.6,1.7800000000000002,29.53647,1.28,2.6,7.199999999999999,3,Li6Br3N,1.6e-07,-7.2545
0.2608695652173913,2.328695652173913,32.05828260869565,1.0652173913043477,2.6956521739130435,9.391304347826086,5,Li6CaLa2Nb2O12,1.6e-06,-5.7954400086720375
0.2608695652173913,2.3200000000000003,39.7140652173913,1.0652173913043477,2.782608695652174,9.391304347826086,5,Li6CaLa2Ta2O12,2.2e-06,-5.657577319177793
0.4,2.2026666666666666,25.613546333333336,1.2033333333333331,2.666666666666667,10.066666666666666,3,Li6CoCl8,1.51e-06,-5.821
0.2857142857142857,2.3971428571428572,14.687142857142856,0.9261904761904762,2.095238095238095,10.904761904761905,4,Li6Cu(B2O5)2,1e-13,-13.0
0.4,2.1993333333333336,25.40766666666667,1.2066666666666666,2.666666666666667,10.0,3,Li6FeCl8,8.97e-08,-7.047
0.4,2.2653333333333334,19.92812,1.0266666666666666,2.2666666666666666,9.733333333333334,3,Li6Ge2O7,8.5e-07,-6.070581074285707
0.2608695652173913,2.3334782608695654,39.02828260869565,1.0521739130434782,2.7391304347826084,9.391304347826086,5,Li6La2MgTa2O12,1.92e-07,-6.716
0.2608695652173913,2.324782608695652,36.26816108695652,1.0793478260869565,2.782608695652174,9.391304347826086,5,Li6La3Y0.5Nb1.5O12,0.000188,-3.72542107536816
0.2608695652173913,2.3408695652173916,37.53648739130435,1.0760869565217392,2.782608695652174,9.826086956521738,5,Li6La3ZrSbO12,0.00026,-3.5850133260145918
0.2608695652173913,2.316956521739131,40.109873478260866,1.0760869565217392,2.8260869565217392,9.391304347826086,5,Li6La3ZrTaO12,0.00016,-3.795
0.4,2.2046666666666668,25.59756,1.2033333333333331,2.666666666666667,10.133333333333333,3,Li6NiCl8,2.69e-10,-9.569
0.46153846153846156,1.8523076923076922,21.500808615384614,1.210576923076923,2.557692307692308,9.076923076923077,5,Li6P1S5Br0.25Cl0.75,0.00226,-2.6458915608525992
0.46153846153846156,1.8484615384615386,22.355635538461538,1.2134615384615386,2.576923076923077,9.076923076923077,5,Li6P1S5Br0.5Cl0.5,0.00333,-2.4775557664936803
0.46153846153846156,1.8446153846153845,23.21046246153846,1.2163461538461537,2.5961538461538463,9.076923076923077,5,Li6P1S5Br0.75Cl0.25,0.00186,-2.7304870557820835
0.46153846153846156,1.835,24.969144576923075,1.2240384615384614,2.634615384615385,9.076923076923077,5,Li6P1S5I0.25Br0.75,0.000112,-3.9507819773298185
0.46153846153846156,1.8292307692307694,25.87299976923077,1.228846153846154,2.653846153846154,9.076923076923077,5,Li6P1S5I0.5Br0.5,2.62e-05,-4.581698708680254
0.46153846153846156,1.8234615384615385,26.77685496153846,1.233653846153846,2.6730769230769234,9.076923076923077,5,Li6P1S5I0.75Br0.25,4.72e-06,-5.3260580013659125
0.46153846153846156,1.8405384615384615,24.426020153846153,1.2203846153846154,2.6230769230769235,9.076923076923078,5,Li6P1Se0.1S4.9Br1,0.0032,-2.494850021680094
0.46153846153846156,1.840307692307692,24.786750923076923,1.2215384615384615,2.6307692307692303,9.076923076923077,5,Li6P1Se0.2S4.8Br1,0.00392,-2.406713932979543
0.46153846153846156,1.840076923076923,25.147481692307693,1.2226923076923075,2.638461538461538,9.076923076923077,5,Li6P1Se0.3S4.7Br1,0.00362,-2.441291429466834
0.46153846153846156,1.8398461538461537,25.508212461538463,1.2238461538461538,2.6461538461538456,9.076923076923077,5,Li6P1Se0.4S4.6Br1,0.00364,-2.438898616350944
0.46153846153846156,1.8396153846153844,25.868943230769233,1.2249999999999999,2.653846153846154,9.076923076923077,5,Li6P1Se0.5S4.5Br1,0.00268,-2.571865205971211
0.46153846153846156,1.8393846153846154,26.229673999999996,1.226153846153846,2.661538461538462,9.076923076923078,5,Li6P1Se0.6S4.4Br1,0.00278,-2.555955204081924
0.46153846153846156,1.8391538461538461,26.590404769230766,1.2273076923076922,2.6692307692307695,9.076923076923077,5,Li6P1Se0.7S4.3Br1,0.00301,-2.5214335044061564
0.46153846153846156,1.8389230769230769,26.951135538461536,1.2284615384615385,2.676923076923077,9.076923076923078,5,Li6P1Se0.8S4.2Br1,0.00348,-2.4584207560534197
0.46153846153846156,1.8386923076923076,27.311866307692306,1.2296153846153846,2.684615384615385,9.076923076923077,5,Li6P1Se0.9S4.1Br1,0.00382,-2.417936637088291
0.46153846153846156,2.186923076923077,14.466904769230771,1.0538461538461539,2.153846153846154,9.076923076923077,4,Li6PClO5,1e-09,-9.0
0.46153846153846156,1.8407692307692307,24.065289384615383,1.2192307692307691,2.615384615384616,9.076923076923078,4,Li6PS5Br,0.0006975,-3.1561409910166707
0.46153846153846156,1.8561538461538463,20.645981692307693,1.2076923076923076,2.5384615384615388,9.076923076923078,4,Li6PS5Cl,0.000537,-3.27
0.46153846153846156,1.8176923076923077,27.680710153846157,1.2384615384615385,2.6923076923076925,9.076923076923078,4,Li6PS5I,0.00011065,-4.771816983435478
0.46153846153846156,1.8384615384615384,27.672597076923076,1.2307692307692306,2.6923076923076925,9.076923076923078,5,Li6PSeS4Br,0.00361,-2.4424927980943423
0.46153846153846156,2.143076923076923,15.74116153846154,1.0923076923076924,2.230769230769231,9.076923076923077,4,Li6Si(ClO2)2,1e-10,-10.0
0.4,2.1746666666666665,22.405986666666667,1.0666666666666667,2.4000000000000004,8.4,3,Li6Zr2O7,5.2e-10,-9.2839966563652
0.29343308395677475,2.2507148794679965,34.91361517040732,1.097339983374896,2.748129675810474,8.977556109725686,5,Li7.06La3Y0.06Zr1.94O12,0.000883,-3.0552574905606757
0.41927990708478513,2.238130081300813,13.688986701509872,1.0115563298490127,2.116144018583043,9.507549361207898,4,Li7.22Si1.5P0.5O8,1.64e-07,-6.785156151952302
0.5,2.1085714285714285,25.25455714285714,1.0964285714285715,2.2857142857142856,8.428571428571429,3,Li7BiO6,1.58489e-06,-5.800000874803203
0.30434782608695654,2.0017391304347827,29.663511391304347,1.1695652173913045,2.8260869565217392,11.130434782608695,4,Li7Ge3PS12,0.00011,-3.958303657420888
0.4117647058823529,1.8647058823529412,24.042397764705882,1.2,2.6470588235294117,9.647058823529411,4,Li7GePS8,0.007,-2.154901959985743
0.2916666666666667,2.251666666666667,42.26150875,1.0958333333333332,2.8333333333333335,9.0,4,Li7La3Hf2O12,9.85e-07,-6.006563769502388
0.28,2.3152,41.4076548,1.068,2.8,9.36,4,Li7La3Ta2O13,2.65e-06,-5.576377063031596
0.2911813643926789,2.2543760399334443,34.68206326081531,1.0947171381031615,2.7412645590682194,9.04783693843594,5,Li7La3Zr1.89Al0.15O12,0.00034,-3.4682605414788723
0.2916666666666667,2.2541666666666664,34.989342083333334,1.0958333333333332,2.75,9.0,4,Li7La3Zr2O12,2.3e-05,-4.638
0.3333333333333333,1.9909523809523808,23.53444219047619,1.15,2.666666666666667,10.857142857142858,3,Li7P3S11,0.0032,-2.494
0.5,2.1107142857142858,19.02452857142857,1.0857142857142856,2.2142857142857144,8.428571428571429,3,Li7SbO6,6.7e-08,-7.173925197299173
0.6153846153846154,1.4315384615384614,19.389465230769233,1.2961538461538462,2.4615384615384617,6.307692307692308,3,Li8GeP4,5.2e-05,-4.405114521826564
0.6153846153846154,1.4230769230769231,15.962196000000002,1.2846153846153847,2.384615384615385,6.307692307692308,3,Li8SiP4,4.5e-05,-4.346787486224656
0.3859223300970874,1.898980582524272,22.06652618446602,1.1807038834951455,2.6140776699029127,10.024271844660195,5,Li9.54Si1.74P1.44S11.7Cl0.3,0.025,-1.6020299956639812
0.39024390243902435,1.9080487804878048,22.127434390243902,1.175609756097561,2.6097560975609753,10.024390243902438,3,Li9.6P3S12,0.00139,-2.8609093769761875
0.39540507859733975,1.8926844014510276,24.86331514631197,1.1926239419588875,2.6698911729141472,9.915356711003627,4,Li9.81Sn0.81P2.19S12,0.0055,-2.259318655252878
0.47368421052631576,2.0973684210526313,12.922696768421051,1.0631578947368419,2.1052631578947367,8.631578947368421,4,Li9AlSiO8,2.3e-07,-6.638
0.2571428571428571,2.528285714285714,16.350418788571428,0.9328571428571427,2.1999999999999997,10.914285714285715,5,Li9Mg3P4O16F3,1e-10,-10.0
0.1,2.7030000000000003,18.608993859999998,0.8500000000000001,2.3,13.8,4,LiAl(SiO3)2,3.49e-09,-8.457
0.16666666666666666,2.538333333333333,29.28908976666667,1.1166666666666667,2.833333333333333,13.666666666666664,3,LiAlCl4,1e-06,-6.0
0.14285714285714285,2.6228571428571428,24.365734085714283,0.907142857142857,2.4285714285714284,13.142857142857142,4,LiAlGeO4,1e-10,-10.0
0.16666666666666666,1.8983333333333334,6.3257164333333336,0.6166666666666666,1.5,2.9999999999999996,3,LiAlH4,5.35e-09,-8.379240373690692
0.05555555555555555,2.916111111111111,24.477590255555555,0.7972222222222222,2.388888888888889,14.777777777777777,5,LiAlSb(PO4)3,3.17e-08,-7.498470368891125
0.058823529411764705,2.8329411764705883,13.811764894117648,0.7323529411764705,2.0,14.117647058823529,4,LiB6O9F,1e-10,-10.0
0.16666666666666666,1.9700000000000002,3.6306266666666662,0.5499999999999999,1.3333333333333333,2.9999999999999996,3,LiBH4,9.89e-08,-7.004
0.25,2.475,12.4377,0.875,2.0,11.5,3,LiBO2,1e-08,-8.0
0.25,2.4699999999999998,61.98005,1.0625,3.0,12.0,3,LiBiO2,3.8e-08,-7.42021640338319
0.1,2.576,28.378878,0.97,2.7,10.8,5,LiCaTiNbO6,6.07e-07,-6.216
0.05555555555555555,2.098888888888889,12.613237777777778,0.5472222222222222,1.611111111111111,4.0,5,LiCeB3H12Cl,0.000103,-3.987162775294828
0.05555555555555555,2.9188888888888886,25.867288111111108,0.8055555555555556,2.4444444444444446,14.38888888888889,5,LiCrSb(PO4)3,3.57e-10,-9.447165891943904
0.5,2.48,12.969701599999999,0.975,2.0,9.0,2,LiF,1.18e-14,-13.92960042
0.14285714285714285,2.6799999999999997,22.536766,0.8928571428571428,2.4285714285714284,12.571428571428571,4,LiFePO4,1.1e-09,-8.958
0.05555555555555555,2.928333333333333,26.08111588888889,0.8055555555555556,2.4444444444444446,14.5,5,LiFeSb(PO4)3,1.37e-06,-5.863139716421797
0.1,2.209,41.1417,1.13,3.1999999999999997,13.7,4,LiGa2GeS6,3.8e-08,-7.42021640338319
0.16666666666666666,2.438333333333333,66.04666666666667,1.2249999999999999,3.6666666666666665,13.666666666666664,3,LiGaBr4,7e-06,-5.154901959985743
0.14285714285714285,2.6514285714285712,30.47165714285714,0.9142857142857141,2.571428571428571,13.142857142857142,4,LiGaGeO4,1e-10,-10.0
0.25,2.4175,27.1657,0.9875,2.5,11.5,3,LiGaO2,2.4e-14,-13.619788758288394
0.14285714285714285,2.6357142857142852,24.10672857142857,0.8928571428571428,2.4285714285714284,13.142857142857142,4,LiGaSiO4,1.08e-11,-10.9652893
0.05555555555555555,2.9011111111111108,26.671047111111108,0.8027777777777777,2.4444444444444446,14.222222222222221,4,LiGd(PO3)4,1e-10,-10.0
0.05555555555555555,2.936111111111111,24.285282555555554,0.786111111111111,2.388888888888889,14.777777777777777,4,LiGe2(PO4)3,5.265e-07,-6.30977788324684
0.07142857142857142,2.4050000000000002,8.249127142857143,0.5392857142857144,1.5714285714285712,7.0,6,LiH7C3NClO,0.00016,-3.795880017344075
0.05555555555555555,2.857222222222222,36.04639366666666,0.8194444444444444,2.6111111111111107,13.666666666666666,4,LiHf2(PO4)3,6.85e-07,-6.164309428507575
0.05555555555555555,2.8705555555555553,28.78956033333333,0.8111111111111111,2.5,13.666666666666666,5,LiHfTi(PO4)3,5.63e-07,-6.249
0.5,1.82,66.922735,1.4249999999999998,3.5,9.0,2,LiI,2.8e-08,-7.552
0.09090909090909091,2.669090909090909,40.33227545454545,0.9545454545454546,2.909090909090909,11.454545454545455,4,LiLaNb2O7,1e-08,-8.0
0.25,2.24,44.4613175,1.15,3.0,9.0,3,LiLaO2,1e-10,-10.0
0.1,2.58,33.757687000000004,0.9799999999999999,2.8,10.8,4,LiLaTi2O6,0.001,-3.0
0.14285714285714285,2.4828571428571427,36.815867142857144,1.0285714285714285,2.8571428571428568,10.285714285714285,4,LiLaTiO4,1e-10,-10.0
0.14285714285714285,2.6057142857142854,18.031051714285713,0.907142857142857,2.2857142857142856,11.714285714285714,4,LiMgPO4,6.31e-12,-11.19997064
0.14285714285714285,2.4885714285714284,37.57822857142857,1.0142857142857142,2.8571428571428568,10.285714285714285,4,LiNdTiO4,1e-10,-10.0
0.2,2.182,26.821952399999997,1.0899999999999999,2.8,12.8,3,LiPS3,7.8e-11,-10.10790539730952
0.25,2.4775,40.174949999999995,1.025,2.75,12.0,3,LiSbO2,1e-10,-10.0
0.25,2.3049999999999997,20.973928,1.0625,2.5,9.0,3,LiScO2,1e-10,-10.0
0.16666666666666666,2.3166666666666664,17.522016666666666,0.9333333333333333,2.333333333333333,12.333333333333332,3,LiSi2N3,6.17e-08,-7.209714835966758
0.05555555555555555,2.9305555555555554,29.40417144444444,0.8083333333333333,2.5,14.777777777777777,4,LiSn2(PO4)3,2e-09,-8.698
0.08333333333333333,2.8074999999999997,43.983810166666665,0.8458333333333332,2.75,12.833333333333332,4,LiTa2PO8,0.0016,-2.795440008672037
0.05555555555555555,2.8855555555555554,27.765805811111107,0.7972222222222222,2.4444444444444446,14.222222222222221,5,LiTaAl(PO4)3,6.5e-07,-6.187043321678573
0.05555555555555555,2.8838888888888885,21.532726999999998,0.8027777777777777,2.388888888888889,13.666666666666666,4,LiTi2(PO4)3,3.1e-05,-4.9604093769761874
0.2,2.5860000000000003,21.176139999999997,0.92,2.4000000000000004,10.799999999999999,3,LiVO3,2.05e-09,-8.688246138944246
0.125,2.8175,21.481533149999997,0.8374999999999999,2.375,12.75,5,LiVPO4F,8.1e-07,-6.091514981121351
0.25,2.27,31.9614125,1.1125,2.75,9.0,3,LiYO2,1.8e-08,-7.744727494896693
0.14285714285714285,2.162857142857143,33.08339457142857,1.1142857142857143,3.0,13.142857142857142,4,LiZnPS4,5.4e-08,-7.267606240177032
0.05555555555555555,2.860555555555555,26.35017144444444,0.8194444444444444,2.5,13.666666666666666,4,LiZr2(PO4)3,5e-08,-7.301
0.05555555555555555,2.872222222222222,23.94144922222222,0.8111111111111111,2.4444444444444446,13.666666666666666,5,LiZrTi(PO4)3,4e-08,-7.397
0.075,2.5787500000000003,34.158906232,0.9887499999999999,2.825,10.8,5,Na0.125Li0.375La0.5Ti1O3,0.000158,-3.8
0.020833333333333336,2.648125,37.95865811,0.978125,2.9375,11.25,5,Na0.1Li0.1La0.6Ti1O3,6.15e-05,-4.211
0.044444444444444446,2.7638888888888884,39.59303021422222,0.9149999999999998,2.9,12.0,5,Na0.1Li0.4La0.5Nb2O6,9.92e-06,-5.0034883278458215
0.03333333333333333,2.763333333333333,39.771349872888884,0.9188888888888889,2.9111111111111114,12.0,5,Na0.2Li0.3La0.5Nb2O6,1.11e-05,-4.954677021213342
0.022222222222222223,2.7627777777777776,39.94966953155555,0.9227777777777777,2.9222222222222225,12.0,5,Na0.3Li0.2La0.5Nb2O6,1.18e-05,-4.928117992693875
0.007777777777777778,2.7620555555555555,40.18148508782222,0.9278333333333333,2.9366666666666665,12.0,5,Na0.43Li0.07La0.5Nb2O6,1.23e-05,-4.910094888560602
0.0044444444444444444,2.7618888888888886,40.23498098542222,0.9289999999999998,2.94,12.0,5,Na0.46Li0.04La0.5Nb2O6,5.91e-06,-5.228412519118745
0.0022222222222222222,2.7617777777777777,40.27064491715555,0.9297777777777776,2.942222222222222,12.0,5,Na0.48Li0.02La0.5Nb2O6,3.99e-06,-5.399027104313252
0.011111111111111112,2.762222222222222,40.12798919022222,0.9266666666666665,2.9333333333333336,12.0,5,Na0.4Li0.1La0.5Nb2O6,1.21e-05,-4.91721462968355
0.16666666666666666,1.7394444444444446,27.112547022222223,1.3416666666666668,2.9444444444444446,8.0,4,Na5Li3(TiS4)2,8.8e-06,-5.055517327849831
0.14285714285714285,2.6307142857142853,16.97324952,0.8821428571428571,2.2142857142857144,12.428571428571427,5,NaLi2B(PO4)2,4.4e-18,-17.356547323513812
0.012711864406779662,2.677076271186441,39.169945338983055,0.9697033898305085,2.9703389830508478,11.436440677966104,5,Sr0.06Li0.06La0.6Ti1O3,1.13e-05,-4.94692155651658
0.03118503118503118,2.6425155925155925,37.60730555093555,0.9796257796257796,2.9334719334719335,11.222453222453222,5,Sr0.15Li0.15La0.51Ti1O3,5.3e-05,-4.275362065199605
0.02100840336134454,2.6615546218487394,38.46814352941177,0.9741596638655463,2.953781512605042,11.340336134453782,5,Sr0.1Li0.1La0.56Ti1O3,1.37e-05,-4.863279432843593
0.25,2.23625,43.17918075,1.1512499999999999,2.975,8.975,4,Sr0.1Li1La0.9O2,6.29e-10,-9.201349354554733
0.05091649694501018,2.605600814663951,35.9382266191446,0.990224032586558,2.8940936863543785,10.993890020366598,5,Sr0.25Li0.25La0.41Ti1O3,7.64e-05,-4.116453320712155
0.05572441742654508,2.5966058763931104,35.531526028368795,0.992806484295846,2.8844984802431606,10.938196555217832,5,Sr0.275Li0.275La0.385Ti1O3,6.04e-05,-4.218963061378868
0.06048387096774193,2.587701612903226,35.128925241935484,0.9953629032258065,2.875,10.883064516129032,5,Sr0.3Li0.3La0.36Ti1O3,1.92e-05,-4.716698771296451
0.07792207792207792,2.6084415584415583,55.951841038961035,0.9753246753246754,3.103896103896104,11.220779220779221,5,Sr0.4375Li0.375Hf0.25Ta0.75O3,0.00038,-3.42021640338319
0.1,2.565,48.797727,0.9924999999999999,3.0,10.95,5,Sr0.5Li0.5Ta0.75Cr0.25O3,6.155e-05,-4.210924374808178
0.1,2.5735,48.990172,0.9924999999999999,3.0,11.05,5,Sr0.5Li0.5Ta0.75Fe0.25O3,0.000113,-3.95
0.06122448979591836,2.6104081632653062,44.78639591836734,0.9918367346938776,2.979591836734693,11.265306122448978,6,Sr0.6Li0.3Ta0.5Ti0.2Fe0.3O3,1e-07,-7.0
0.06122448979591836,2.601530612244898,44.54217142857142,0.9918367346938775,2.979591836734693,11.14285714285714,6,Sr0.6Li0.3Ta0.5Ti0.35Fe0.15O3,2.8e-05,-4.552
0.06122448979591836,2.5956122448979593,44.37935510204081,0.9918367346938773,2.979591836734693,11.061224489795917,6,Sr0.6Li0.3Ta0.5Ti0.45Fe0.05O3,6e-05,-4.221
0.06122448979591836,2.5985714285714283,44.46076326530611,0.9918367346938773,2.979591836734693,11.102040816326529,6,Sr0.6Li0.3Ta0.5Ti0.4Fe0.1O3,3.6e-05,-4.443
0.06122448979591836,2.59265306122449,44.2979469387755,0.9918367346938773,2.979591836734693,11.020408163265305,5,Sr0.6Li0.3Ta0.5Ti0.5O3,0.00017,-3.769
0.06122448979591836,2.6028571428571428,35.31412040816326,0.9918367346938776,2.8775510204081627,11.020408163265305,5,Sr0.6Li0.3Ti0.5Nb0.5O3,5.4e-06,-5.267
0.02040816326530612,2.599183673469388,36.768798775510206,1.0122448979591838,2.9591836734693873,11.020408163265305,5,Sr0.8Li0.1Ti0.7Nb0.3O3,1e-08,-8.0
0.09345794392523364,2.697102803738318,35.776344164485984,0.9485981308411215,2.8130841121495322,11.439252336448597,5,Sr0.9Li1Nb2O6F0.8,1e-10,-10.0
0.09345794392523364,2.678411214953271,52.2326993046729,0.9485981308411215,3.0,11.439252336448597,5,Sr0.9Li1Ta2O6F0.8,1e-10,-10.0
0.06825938566552901,2.5979180887372015,45.41618402730375,0.9853242320819113,2.9795221843003414,11.0580204778157,5,Sr1.65Li1Ta1.7Ti1.3O9,4.9e-05,-4.309
0.06825938566552901,2.6095221843003413,35.19976423208191,0.9853242320819111,2.8634812286689417,11.0580204778157,5,Sr1.65Li1Ti1.3Nb1.7O9,2e-05,-4.698
0.06825938566552901,2.579283276450512,49.2635628668942,0.9986348122866895,3.068259385665529,11.0580204778157,5,Sr1.65Li1Zr1.3Ta1.7O9,1.3e-05,-4.886
0.09909909909909911,2.686576576576577,35.66616443243243,0.9554054054054054,2.810810810810811,11.35135135135135,6,Sr1Li1.1Zr0.1Nb1.9O6F1,1e-10,-10.0
0.09909909909909911,2.6694594594594596,50.7363310990991,0.9554054054054054,2.981981981981982,11.35135135135135,6,Sr1Li1.1Zr0.1Ta1.9O6F1,1e-10,-10.0
0.1,2.666,25.05088123,0.9175,2.5,12.8,5,Sr2Li2Al(PO4)3,1e-10,-10.0
0.06666666666666667,2.5613333333333332,40.19049866666666,1.0066666666666668,2.9333333333333336,10.799999999999999,5,Sr2LiTaTi2O9,3.2e-05,-4.494
0.06666666666666667,2.568,34.32106533333334,1.0066666666666668,2.8666666666666663,10.799999999999999,5,Sr2LiTi2NbO9,1e-06,-6.0
0.12206286237412269,2.5764937442783036,35.271476978944165,0.987198657308514,2.816905706438816,10.894415624046385,5,Sr3Li4Nb5.77Fe0.23O19.77,1e-10,-10.0
0.12121212121212122,2.580909090909091,35.39546303030303,0.9848484848484848,2.8181818181818183,10.90909090909091,4,Sr3Li4Nb6O20,1e-10,-10.0
0.2608695652173913,2.3630434782608694,44.21871913043478,1.0869565217391304,2.8260869565217392,10.26086956521739,5,SrLi6La2(BiO6)2,2e-05,-4.698970004336019
0.2608695652173913,2.3656521739130434,36.63433652173913,1.0739130434782609,2.7391304347826084,10.26086956521739,5,SrLi6La2(SbO6)2,6.3e-06,-5.200659450546418
0.2608695652173913,2.3265217391304347,34.12532608695652,1.0739130434782609,2.7391304347826084,9.391304347826086,5,SrLi6La2Nb2O12,3.945e-06,-5.404862171721519
0.2608695652173913,2.3178260869565217,41.78110869565217,1.0739130434782609,2.8260869565217392,9.391304347826086,5,SrLi6La2Ta2O12,7e-06,-5.154450979992872
0.09090909090909091,2.7045454545454546,35.942596654545454,0.9499999999999997,2.8181818181818183,11.454545454545453,5,SrLiNb2O6F,1e-10,-10.0
0.09090909090909091,2.686363636363636,51.95014210909091,0.9499999999999997,3.0,11.454545454545453,5,SrLiTa2O6F,1e-10,-10.0
0.1,2.561,41.937228,0.99,2.9000000000000004,10.8,5,SrLiTaTiO6,0.00055,-3.259
0.1,2.571,33.133078,0.99,2.8,10.8,5,SrLiTiNbO6,1e-06,-6.0
