formula,sigma,log_sigma
Ba0.05Li6.5La2.95Zr1.45Ta0.55O12,0.000832,-3.079876673709276
Ba0.1Li6.5La2.9Zr1.4Ta0.6O12,0.0008320000000000001,-3.0794169746811306
Ba0.1Li9.8Ge1P2S12,0.000561,-3.251037138743839
Ba0.25Li5.25La2.75Ta2O12,7.41e-06,-5.130181792020672
Ba0.2Li6.5La2.8Zr1.3Ta0.7O12,0.000631,-3.1999706407558657
Ba0.2Li9.6Ge1P2S12,0.000572,-3.2426039712069756
Ba0.3Li6.5La2.7Zr1.2Ta0.8O12,0.000492,-3.3080348972326394
Ba0.3Li9.4Ge1P2S12,0.000707,-3.1505805862031004
Ba0.4Li9.2Ge1P2S12,0.000316,-3.500312917381596
Ba0.5Li5.5La2.5Ta2O12,1.41e-05,-4.85078088734462
Ba0.5Li9Ge1P2S12,9.98e-05,-4.000869458712629
Ba0.5Sr0.5Li6La2Ta2O12,7.1e-06,-5.1487416512809245
Ba1.25Li6.25La1.75Ta2O12,4.99e-05,-4.30189945437661
Ba1.5Li6.5La1.5Ta2O12,3.08e-05,-4.511449283499555
Ba1.75Li6.75La1.25Ta2O12,1.18e-05,-4.928117992693875
Ba2Li7LaTa2O12,2.85e-06,-5.54515513999149
Ba2LiTi2NbO9,1e-07,-7.0
Ba3LiZrTa5(Si2O13)2,1e-10,-10.0
BaLi2P2O7,1.59881e-17,-16.796203144042632
BaLi6La2Nb2O12,6e-06,-5.221424374808178
BaLi6La2Ta2O12,2.25e-05,-4.647
K0.1Li0.9Sb1O3,1.36e-08,-7.866461091629782
K0.25Li5.5La2.75Nb2O12,1.06e-05,-4.974347067367615
KNa2Li3Fe2(Si2O5)6,1e-10,-10.0
Li0.022La0.115Ti0.165Al0.055O0.618,0.000525,-3.28
Li0.022La0.117Ti0.208Al0.001O0.626,0.00126,-2.899
Li0.022La0.118Ti0.2Al0.004O0.631,0.000891,-3.049
Li0.05La0.65Mg0.5W0.5O3,1.8e-07,-6.7447274948966935
Li0.067La0.64Ti1O2.99,7.9e-05,-4.102
Li0.06La0.313Nb1O3,2.33e-05,-4.632
Li0.06La0.66Ti0.93Al0.06O3,1.68e-06,-5.774
Li0.0891La0.57Ti1Ag0.1809O3,2e-07,-6.698970004336019
Li0.08La0.64Ti1O3,0.000335,-3.474955192963155
Li0.09La0.303Nb1O3,3.52e-05,-4.453
Li0.11La0.63Mg0.5W0.5O3,6.8e-06,-5.167491087293763
Li0.12La0.29Nb1O3,4.25e-05,-4.371
Li0.135La0.57Ti1Ag0.135O3,2.3e-05,-4.638272163982407
Li0.14La0.62Mg0.5W0.5O3,1.2e-05,-4.920818753952375
Li0.14La0.62Ti1O3,0.000442,-3.354577730650908
Li0.15La0.283Nb1O3,3.85e-05,-4.414
Li0.15La0.66Ti0.85Al0.15O3,9.66e-06,-5.015
Li0.1809La0.57Ti1Ag0.0891O3,0.0001,-4.0
Li0.18La0.273Nb1O3,3.82e-05,-4.417
Li0.18La0.61Ti1O3,0.000412,-3.3851027839668655
Li0.19La0.67Ti0.9Co0.1O3,0.000108,-3.96657624451305
Li0.1La0.63Ti1O3,7.9e-05,-4.102
Li0.1La0.66Ti0.9Al0.1O3,7.34e-06,-5.134
Li0.215La0.595Ti1O3,0.000853,-3.0690509688324767
Li0.245La0.592Ti0.98Mn0.02O3,0.001,-3.0
Li0.24La0.59Ti1O3,0.000121,-3.949
Li0.25La0.25Ta1O3,0.00019605,-4.0096797463308596
Li0.25La0.66Ti0.75Al0.25O3,7.66e-05,-4.115
Li0.25Nd0.25Ta1O3,9.6155e-07,-6.800364352172117
Li0.25Sm0.25Ta1O3,4.32e-10,-9.364516253185087
Li0.27La0.57Ti1O3,0.00034,-3.4685210829577446
Li0.27La0.58Ti1O3,0.0007155,-3.1512249256599825
Li0.27La0.59Ti1O3,0.00058,-3.236
Li0.284Sm4.512Si3O12.91,1e-10,-10.0
Li0.29La0.57Ti1O3,0.0016,-2.7954400086720375
Li0.2Ca0.4Ta1O3,3.53e-09,-8.452225294612177
Li0.2La0.66Ti0.8Al0.2O3,4.28e-05,-4.368
Li0.2Zr1.2Nb0.8P3O12,2.38e-07,-6.623
Li0.305La0.565Ti1O3,0.000957,-3.0190880622231564
Li0.31La0.63Ti0.9Co0.1O3,0.00026,-3.5850266520291822
Li0.33La0.56Ti0.92Al0.08O2.92F0.08,0.000494,-3.306273051076353
Li0.33La0.56Ti0.93Al0.07O2.93F0.07,0.000645,-3.1904402853647325
Li0.33La0.56Ti0.94Al0.06O2.94F0.06,0.000106,-3.9746941347352296
Li0.33La0.56Ti0.95Al0.05O2.95F0.05,0.000176,-3.75448733218585
Li0.33La0.56Ti0.96Al0.04O2.96F0.04,0.000622,-3.2061048076545906
Li0.33La0.56Ti0.97Al0.03O2.97F0.03,0.000928,-3.032452023781138
Li0.33La0.56Ti0.98Al0.02O2.98F0.02,0.00106,-2.9746941347352296
Li0.33La0.56Ti0.99Al0.01O2.99F0.01,0.00098,-3.0087739243075053
Li0.33La0.56Ti1O3,0.000668,-3.175223537524454
Li0.34La0.51Ti1O2.94,0.00101,-2.9955
Li0.34La0.56Ti1O3,0.001109,-2.9885
Li0.34Nd0.55Ti1O3,8e-08,-7.096455006504028
Li0.34Pr0.56Ti1O3,1e-06,-6.0
Li0.34Pr0.56Ti1O3.01,1e-06,-6.0
Li0.35La0.65Ti0.7Al0.3O3,0.000161,-3.7931741239681505
Li0.361La0.55Ti0.995Al0.005O3,0.0011,-2.958
Li0.36La0.51Ti0.95W0.05O3,0.00073,-3.136
Li0.36La0.54Ti1O3,0.00089,-3.05
Li0.36La0.55Ti0.95Ge0.05O3,0.00036,-3.443
Li0.36La0.55Ti0.95Mn0.05O3,0.00019,-3.721
Li0.36La0.55Ti0.95Ru0.05O3,5.2e-05,-4.283
Li0.36La0.55Ti0.992Al0.008O3,0.000654,-3.184
Li0.36La0.55Ti0.995Al0.005O3,0.0011,-2.958
Li0.36La0.55Ti1O3,0.000688,-3.162411561764489
Li0.36La0.56Ti0.95Al0.05O3,0.00064,-3.193
Li0.36La0.58Mg0.05Ti0.95O3,0.00021,-3.677
Li0.38Sm0.52Ti1O2.97,0.0007501,-4.76098500216801
Li0.39La0.54Ti1O3,0.0009505,-3.044754499211876
Li0.3La0.66Ti0.7Al0.3O3,1.72e-05,-4.764
Li0.3La0.7Ti0.6Al0.4O3,1.04e-07,-6.982966660701219
Li0.3Y0.9P1O4,4.64e-07,-6.333
Li0.45La0.52Ti1O3,0.000643,-3.2026463086937507
Li0.45La0.55Ti0.9Al0.1O3,0.00151,-2.8210230527068307
Li0.4La0.6Ti0.8Al0.2O3,0.000568,-3.245651664288981
Li0.5Ce0.25Pr0.25Mo1O4,1e-09,-9.0
Li0.5Ce0.25Sm0.25Mo1O4,1.8e-10,-9.744727494896694
Li0.5Ce0.5Mo1O4,1.3e-08,-7.886056647693163
Li0.5La0.4Nd0.1Ti1O3,0.001,-3.0
Li0.5La0.5Ti1O3,0.00049055,-3.642429133630484
Li0.68Ga0.68Si2.33O6,3.15e-11,-10.50228226
Li0.6Y0.8P1O4,1.41e-05,-4.851
Li0.76La1Mg0.08O2,7.27e-10,-9.138465589140962
Li0.7Ti1.7Al0.3P3O12,0.00033265,-3.6704999999999997
Li0.83Mg0.83In0.17P1O4,1.41e-09,-8.85
Li0.85Mg0.85In0.15P1O4,1.26e-09,-8.899
Li0.86Hf2.035P3O12,9.2e-08,-7.036212172654444
Li0.8La0.066Zr2P3O12,8.2e-06,-5.086
Li0.8Sn0.8S2,0.00012,-3.9208187539523753
Li0.91Hf2.022P3O12,3.2e-07,-6.494850021680094
Li0.95Mg0.95In0.05P1O4,1.12e-10,-9.95
Li0.96Ga0.96Si2.04O6,2.35e-11,-10.62874643
Li0.98Zr1.98Nb0.02P3O12,2.5e-07,-6.602
Li0.995Mg0.505Ti1.5O4,1.53e-11,-10.8153085691824
Li0.9Mg0.9In0.1P1O4,5.01e-10,-9.3
Li0.9Y0.7P1O4,6.57e-09,-8.182
Li0.9Zr0.1Sc0.9O2,1e-10,-10.0
Li0.9Zr1.9Nb0.1P3O12,1.35e-06,-5.869
Li1.02Y0.02Zr1.98P3O12,1.15e-07,-6.939
Li1.05Ti1.95Al0.05P1O4,1.4e-06,-5.853
Li1.05Ti1.95Al0.05P3O12,0.0011,-2.958607314841775
Li1.05Ti1.95Cr0.05P3O12,0.00018,-3.744727494896694
Li1.05Ti1.95Fe0.05P3O12,0.00013,-3.886056647693163
Li1.076Ti1.462Al0.6923P3O12,0.000825,-3.083
Li1.07Mg0.395Ti1.535O4,6.56e-10,-9.18309616062434
Li1.14Mg0.3Ti1.56O4,1.51e-09,-8.821023052706831
Li1.15Ti1.85Fe0.15P3O12,0.000522,-3.282164748498869
Li1.15Y0.15Zr1.85P3O12,7.1e-05,-4.1483708256404626
Li1.1Al0.1Ge1.9P3O12,2.9e-06,-5.537301001050522
Li1.1Hf1.9Cr0.1P3O12,9.35e-08,-7.029
Li1.1Hf1.9Fe0.1P3O12,0.000107,-3.9703081111573955
Li1.1Hf1.9In0.1P3O12,2.615e-05,-5.144941317444092
Li1.1Hf1.9Sc0.1P3O12,2.45e-05,-4.610416957817733
Li1.1Lu0.1Hf1.9P3O12,5.88e-05,-4.230311336961931
Li1.1Sc0.1Ti1.9P3O12,0.000158,-3.8011714565227885
Li1.1Ti1.9Al0.1P3O12,3e-05,-4.522
Li1.1Ti1.9Cr0.1P3O12,0.00026,-3.5850266520291822
Li1.1Ti1.9Fe0.1P3O12,0.00063,-3.2006594505464183
Li1.1Y0.1Hf1.9P3O12,9.18e-05,-4.037
Li1.268Mg0.1Ti1.634O4,1.73e-08,-7.761953896871205
Li1.2Al0.2Ge1.8P3O12,6.385000000000001e-05,-4.208116183410695
Li1.2Hf1.8Cr0.2P3O12,2.54e-07,-6.595
Li1.2Hf1.8Fe0.2P3O12,0.00017,-3.769
Li1.2Hf1.8In0.2P3O12,6.8e-05,-4.6384700043360185
Li1.2Hf1.8Sc0.2P3O12,5.86e-05,-4.232
Li1.2La0.2Ti1.8P3O12,0.000528,-3.277366077466188
Li1.2Lu0.2Hf1.8P3O12,9.79e-05,-4.009108654098432
Li1.2Mg0.2Ti1.6O4,4.24e-09,-8.372634143407268
Li1.2Sc0.2Ti1.8P3O12,0.000246,-3.6090648928966207
Li1.2Ta0.9Al1.1P3O12,6.5e-07,-6.187043321678573
Li1.2Ti0.8Al0.2Ge1P3O12,3e-05,-4.522
Li1.2Ti1.8Al0.2P3O12,0.00338,-2.4710832997223453
Li1.2Ti1.8Cr0.2P3O12,1.83e-05,-4.737
Li1.2Ti1.8Fe0.2P3O12,0.000351,-3.454
Li1.2Ti1.8Ga0.2P3O12,0.000162,-3.7904849854573692
Li1.2Ti1.8In0.2P3O12,0.00039,-3.408935392973501
Li1.2Ti1Al0.2Ge0.8P3O12,3e-05,-4.522
Li1.2Ti2Si0.2P2.8O12,8.6e-05,-4.0655015487564325
Li1.2Y0.2Hf1.8P3O12,3.19e-05,-4.496
Li1.2Y0.2Ti1.8P3O12,0.000504,-3.297
Li1.2Zr0.2Sc0.2Ti1.6P3O12,0.00012,-3.92
Li1.2Zr1.5Sc0.2Ti0.2P3O12,3.1e-07,-6.508
Li1.34Ti1.66O4,6.03e-08,-7.219682687859849
Li1.35Ti1.45Al0.35Ge0.2P3O12,0.000618,-3.209
Li1.3Al0.3Ge1.7P3O12,3.9e-05,-4.408
Li1.3Cr0.3Ge1.7P3O12,3.065e-05,-4.522
Li1.3Eu0.3Ti1.7P3O12,6e-05,-4.221
Li1.3Fe0.3Ge1.7P3O12,3.67e-05,-4.435
Li1.3Hf1.7Cr0.3P3O12,5.26e-07,-6.27900712792313
Li1.3Hf1.7Fe0.3P3O12,5.4e-05,-4.267303120088516
Li1.3Hf1.7In0.3P3O12,7.6e-05,-4.423855827808472
Li1.3Hf1.7Sc0.3P3O12,8.32e-05,-4.079438336854638
Li1.3In0.3Ge1.7P3O12,9.22e-06,-5.035
Li1.3La0.3Ti1.7P3O12,0.000528,-3.277366077466188
Li1.3Lu0.3Hf1.7P3O12,3.56e-05,-4.448275001013563
Li1.3Sc0.15Ti1.7Al0.15P3O12,0.00124,-2.906578314837765
Li1.3Sc0.1Ti1.7Al0.2P3O12,0.000269,-3.57
Li1.3Sc0.2Ti1.7Al0.1P3O12,0.000426,-3.37
Li1.3Sc0.3Ge1.7P3O12,2.98e-05,-4.525
Li1.3Sc0.3Ti1.7P3O12,0.000568,-3.245
Li1.3Ti1.7Al0.3P3O12,0.00121,-2.91721462968355
Li1.3Ti1.7Cr0.3P3O12,3.53e-05,-4.452
Li1.3Ti1.7Fe0.3P3O12,0.001273,-3.123668528439514
Li1.3Ti1.7Ga0.3P3O12,0.000261,-3.583359492661719
Li1.3Ti1.7In0.3P3O12,0.000393,-3.4056074496245734
Li1.3Ti2Si0.3P2.7O12,0.00032,-3.494850021680094
Li1.3Y0.15Ti1.7Al0.15P3O12,1.9e-05,-4.721123199523586
Li1.3Y0.1Ti1.7Al0.2P3O12,0.00012,-3.9204093769761874
Li1.3Y0.2Ti1.7Al0.1P3O12,7.3e-05,-4.136338569939772
Li1.3Y0.3Hf1.7P3O12,3.19e-05,-4.49610465847141
Li1.3Y0.3Ti1.7P3O12,0.000554,-3.256
Li1.45Ti1.35Al0.45Ge0.2P3O12,0.00101,-2.995
Li1.45Ti1.55Al0.45P1O4,0.00029,-3.537
Li1.4Al0.4Ge1.6P3O12,0.0001825,-3.73892107536816
Li1.4Hf1.6In0.4P3O12,0.000142,-3.847355827808472
Li1.4Hf1.6Sc0.4P3O12,6.17e-05,-4.209
Li1.4La0.4Ti1.6P3O12,0.0004975,-3.302885328620141
Li1.4Lu0.4Hf1.6P3O12,2.06e-05,-4.686066389815423
Li1.4P0.6S2.2,4.64e-05,-4.333
Li1.4Sc0.4Ti1.6P3O12,0.000515,-3.2880963854794043
Li1.4Ti0.4Al0.4Ge1.2P3O12,0.000343,-3.464
Li1.4Ti0.528Al0.4Ge1.072P3O12,0.000676,-3.17
Li1.4Ti0.6Al0.4Ge1P3O12,8e-05,-4.096
Li1.4Ti0.8Al0.4Ge0.8P3O12,6e-05,-4.221
Li1.4Ti1.4Al0.4Ge0.2P3O12,0.001145,-2.9444999999999997
Li1.4Ti1.6Al0.4P3O12,0.0033,-2.4814860601221125
Li1.4Ti1.6Cr0.4P3O12,0.0001495,-3.8249068657938627
Li1.4Ti1.6Fe0.4P3O12,0.000389,-3.4098569664897713
Li1.4Ti1.6Ga0.4P3O12,0.000128,-3.8927900303521317
Li1.4Ti1.6In0.4P3O12,0.0003,-3.522
Li1.4Y0.4Hf1.6P3O12,2.09e-05,-4.679426856944473
Li1.4Y0.4Ti1.6P3O12,0.00061,-3.214
Li1.55Ti1.25Al0.55Ge0.2P3O12,7.02e-05,-4.153
Li1.5Al0.5Ge1.5P3O12,0.000308,-3.512830361305078
Li1.5Ga0.5Ge1.5P3O12,0.000117,-3.931
Li1.5Hf1.5Al0.5P3O12,0.00011,-3.958
Li1.5Hf1.5Cr0.5P3O12,1.18e-07,-6.928
Li1.5In0.5Ge1.5P3O12,5.75e-06,-5.24
Li1.5La0.5Ti1.5P3O12,0.0002815,-3.55014684004746
Li1.5Sc0.5Ge1.5P3O12,2.51e-05,-4.6
Li1.5Ti1.3Al0.5Ge0.2P3O12,0.000737,-3.132
Li1.5Ti1.5Al0.5P3O12,1.1e-05,-4.958
Li1.5Ti1.5Cr0.5P3O12,0.0003885,-3.4102063476641225
Li1.5Ti1.5Fe0.5P3O12,0.0001745,-3.7577253758587004
Li1.5Ti1.5Ga0.5P3O12,0.000122,-3.9136401693252516
Li1.5Ti1.5In0.5P3O12,0.000204,-3.6901849162870506
Li1.5Y0.5P1O4,6.68e-11,-10.1753005
Li1.5Y0.5Ti1.5P3O12,5.44e-05,-4.264
Li1.5Zn0.75P1S4,1.65e-05,-4.782516055786093
Li1.65Mn0.65In0.35Cl4,9.9e-08,-7.00436480540245
Li1.6Al0.6Ge0.8P3O12,0.0007,-3.154
Li1.6Al0.6Ge1.4P3O12,0.000212,-3.6998408299764813
Li1.6Mg0.3Ti1.7P3O12,2.8e-06,-5.552
Li1.6Ti0.4Al0.6Ge1P3O12,5e-05,-4.301
Li1.6Ti0.6Al0.6Ge0.8P3O12,0.000405,-3.5564509799928716
Li1.6Ti1.4Al0.6P3O12,2.3e-05,-4.638272163982407
Li1.6Ti1.4Cr0.6P3O12,0.000147,-3.832
Li1.6Ti1.4Ga0.6P3O12,1.3e-05,-4.886
Li1.7Al0.7Ge1.3P3O12,0.000207,-3.7006980365650843
Li1.7Fe0.7Ge1.3P3O12,2.37e-05,-4.625
Li1.7Ga0.7Ge1.3P3O12,2.43e-05,-4.614
Li1.7Ti1.3Al0.7P3O12,3.7e-05,-4.431
Li1.7Ti1.6Al0.3P3O12,0.00122,-2.9136401693252516
Li1.8Al0.8Ge1.2P3O12,0.000137,-3.8632794328435933
Li1.8Sc0.8Ti1.2P3O12,0.00088,-3.055
Li1.8Ti0.2Al0.8Ge1P3O12,3e-05,-4.522
Li1.8Ti0.4Al0.8Ge0.8P3O12,7e-05,-4.154
Li1.8Ti1.2Cr0.8P3O12,0.00024,-3.619394379144197
Li1.96Ca1.9P6Pb6.12O24,1e-10,-10.0
Li1.9Mg0.1Ti1O3.05,1.96e-07,-6.708
Li1.9Mn0.9Ga0.1Cl4,2.37e-07,-6.6252516539898965
Li10.05Ge1.05P1.95S12,0.0122,-1.9136401693252518
Li10.2Ge1.2P1.8S12,0.0132,-1.8794260687941502
Li10.2Si0.96Sn0.24P1.8S12,0.00782,-2.106793246940152
Li10.35Ge1.35P1.65S12,0.0144,-1.8416375079047504
Li10.35Si1.08Sn0.27P1.65S12,0.011,-1.958607314841775
Li10.35Si1.35P1.65S12,0.0065,-2.187043321678572
Li10.5Ge1.5P1.5S12,0.011,-1.958607314841775
Li10.5Si1.2Sn0.3P1.5S12,0.00879,-2.0560111249262283
Li10Ge(PS6)2,0.012,-1.9208187539523751
Li10Si(PS6)2,0.0023,-2.6381360819912034
Li10Si0.05Ge0.95P2S12,0.0086,-2.065250774378216
Li10Sn(PS6)2,0.0039900000000000005,-2.3985584639631563
Li10Sn0.224Ge0.776P2S12,0.0141,-1.85078088734462
Li10Sn0.33Ge0.66P2S12,0.0064,-2.193820026016113
Li10Sn0.584Ge0.416P2S12,0.00743,-2.1290111862394245
Li10Sn0.66Ge0.33P2S12,0.0048,-2.318758762624413
Li11Al(PS6)2,0.000802,-3.095
Li13.6Si2.8S1.2O16,6e-07,-6.221
Li14Nd5Si11N19O7F2,1.7e-10,-9.769551078621726
Li14Zn(GeO4)4,1e-06,-6.0
Li17Sb13S28,1.05e-09,-8.978810700930062
Li1Al0.5Ga0.5Ge1O4,1e-10,-10.0
Li1P0.9I0.1O2.7,0.000398,-3.4
Li1Ti0.4Sn1.6P3O12,3.15e-06,-5.501689446210399
Li1Ti0.6Sn1.4P3O12,9.42e-06,-5.025949097207123
Li1Ti1.4Sn0.6P3O12,2.28e-05,-4.642065152999546
Li1Zr0.2Ti1.8P3O12,8.5e-08,-7.070290537142854
Li1Zr1.5Ti0.5P3O12,6.2e-08,-7.207
Li1Zr1.8Ti0.2P3O12,5.6e-08,-7.2514059864969
Li1Zr1.9Ti0.1P3O12,3.2e-08,-7.494425010840047
Li2.1H0.9Cl1O1,8.05e-08,-7.094
Li2.2Zr0.9Zn0.1S3,0.00012,-3.92
Li2.4H0.6Cl1O1,8.9e-08,-7.05
Li2.5V2P3O12,1.9e-07,-6.721246399047171
Li2.5Y0.5Zr0.5Cl6,0.0014,-2.853871964321762
Li2.5Zn0.25P1S4,0.00084,-3.0757207139381184
Li2.667Mg0.667P2S6,4e-06,-5.3979400086720375
Li2.7H0.3Cl1O1,7.3e-09,-8.136
Li2.88P1N0.14O3.73,1.4e-13,-12.85387196216088
Li2.9Zr0.1Sc1.9P3O12,7.48e-05,-4.126
Li2Ca(HN)2,6.4e-06,-5.193
Li2CdCl4,5.8e-07,-6.236572006437063
Li2CoGe3O8,1e-10,-10.0
Li2CrCl4,1e-10,-10.0
Li2Ge7O15,5e-16,-15.30103
Li2H0.9Cl1O0.9F0.1,3.86e-05,-4.413412695328245
Li2HBrO,8.699999999999999e-07,-6.093909376976187
Li2HClO,7.11e-08,-7.148
Li2HN,0.000254,-3.595
Li2HfCr(PO4)3,4.2e-08,-7.376750709602099
Li2HfIn(PO4)3,2.74e-08,-7.562124718589806
Li2Mg2(MoO4)3,5.2675e-11,-10.635626949999999
Li2MgBr4,7.8e-10,-9.10790539730952
Li2MgCl4,6.24e-07,-6.204815410317576
Li2MgTi3O8,1e-10,-10.0
Li2MnCl4,4.79e-06,-5.319664486585436
Li2PNO2,1e-10,-10.0
Li2PS3,1.1907999999999999e-07,-8.209211521471744
Li2SiS3,2e-06,-5.69848500216801
Li2SnS3,1.43e-05,-4.844954370472159
Li2Ti3CoO8,1e-10,-10.0
Li2TiCr(PO4)3,4.41e-07,-6.355280705266081
Li2TiFe(PO4)3,3.34e-07,-6.476126766594218
Li2TiIn(PO4)3,8.3e-06,-5.080460953811963
Li2VCl4,6.95e-06,-5.158015195409886
Li2Zn0.5P1S4,0.00013,-3.886056647693163
Li2ZnGe3O8,1e-10,-10.0
Li2ZrCr(PO4)3,5.91e-07,-6.228206259559372
Li2ZrFe(PO4)3,1.44e-07,-6.841318753952375
Li2ZrIn(PO4)3,8.22e-08,-7.085064091229975
Li2ZrO3,6.1e-10,-9.214670164989233
Li2ZrS3,7.3e-06,-5.136
Li3.09B1N0.52O2.53,8.65e-07,-6.063
Li3.25Ge0.25P0.75S4,0.0022,-2.657577319177794
Li3.25Sn0.25P0.75S4,0.0036,-2.4436974992327127
Li3.26Sn0.26P0.74S4,0.00453,-2.343901797987168
Li3.27Sn0.27P0.73S4,0.00496,-2.3045183235098023
Li3.285Sn0.28P0.72S4,0.00436,-2.360513510731414
Li3.2Ge0.2P0.8O4,1.14e-06,-5.9430475743317634
Li3.2Ge0.2P0.8S4,0.0005475,-3.2613535084386616
Li3.2P1N0.7O3.1,5e-07,-6.301
Li3.2Si0.2P0.8S4,3.2e-06,-5.494850021680094
Li3.2V0.8Ge0.2O4,1.9e-05,-4.721123199523586
Li3.333Mg0.333P2S6,8.2e-08,-7.086186147616283
Li3.335Sn0.33P0.67S4,0.00373,-2.4282911681913126
Li3.35Ge0.35P0.65S4,0.0016853275,-2.7747396395817683
Li3.3Ge0.3P0.7S4,0.00174,-2.7594507517174
Li3.3Sn0.3P0.7S4,0.00365,-2.4377071355435254
Li3.425Si0.425P0.575S4,0.00565,-2.2479515521805613
Li3.45Si0.45P0.55S4,0.00673,-2.171984935776023
Li3.475Si0.475P0.525S4,0.00527,-2.2781893847874533
Li3.4Ge0.4P0.6O4,4.5e-06,-5.346393743112328
Li3.4Ge0.4P0.6S4,0.000654,-3.184422251675733
Li3.4Si0.4P0.6S4,0.000662,-3.1791420105603
Li3.4V0.6Ge0.4O4,8.89e-07,-6.051049119514893
Li3.5V0.5Ge0.5O4,7e-05,-4.154
Li3.5Zn0.5Ga0.5P2O8,1e-10,-10.0
Li3.6Ge0.4P0.6S4,0.000221356,-3.654
Li3.6Ge0.6P0.4O4,1.1e-05,-4.958303657420887
Li3.6Ge0.6P0.4S4,0.000175,-3.7569619513137056
Li3.6Si0.6P0.4S4,7.475e-05,-4.1266355548085585
Li3.6V0.4Ge0.6O4,3.19e-05,-4.49610465847141
Li3.75Si0.75P0.25O4,5.54e-07,-6.256245117635785
Li3.75V0.25Ge0.75O4,5.66e-06,-5.247183568811729
Li3.7Ge0.85W0.15O4,3.8e-05,-4.42021640338319
Li3.7Zn0.7Ga0.3P2O8,5.65e-12,-11.247951552180561
Li3.8Ge0.8P0.2O4,1.03e-06,-5.9870813876474145
Li3.8Ge0.8P0.2S4,1.78e-06,-5.749579997691106
Li3.8Si0.8P0.2S4,8.11e-07,-6.090979145788844
Li3.8V0.2Ge0.8O4,2.71e-06,-5.567015354562797
Li3.9Zn0.05Ge1S4,2.84e-07,-6.546
Li3AlF6,5e-07,-6.301029995663981
Li3AlH6,1.4e-07,-6.853871964321762
Li3AlN2,5e-08,-7.301029995663981
Li3AlS3,1.31e-08,-7.882364352172118
Li3B(PO4)2,9.6e-12,-11.017728766960431
Li3BN2,4.358e-08,-8.42818038236273
Li3BiO3,2.4e-10,-9.619788758288394
Li3BiO4,4.1e-10,-9.387216143280265
Li3Br0.5Cl0.5O1,0.000938,-3.027
Li3BrO,1.08e-06,-5.966303657420887
Li3ClO,0.0125705,-2.726029995663981
Li3Cr(MoO4)3,3.19e-09,-8.49610465847141
Li3ErI6,0.00065,-3.1870866433571443
Li3Fe(MoO4)3,5.89e-10,-9.229442352606448
Li3Fe2(PO4)3,1.11e-08,-7.953
Li3H4IN2,1e-05,-5.0
Li3InCl6,0.00204,-2.6903698325741012
Li3N,0.000575,-3.24
Li3Nd3(TeO6)2,1e-10,-10.0
Li3P,0.0008515,-3.076522337490088
Li3PO4,1.75e-13,-12.756961951313706
Li3PS4,8.93e-07,-6.049148541111453
Li3SbS3,1e-09,-9.0
Li3SbS4,4.8e-09,-8.318758762624412
Li3Sc1.6Al0.4P3O12,1.28e-05,-4.892
Li3Sc2(PO4)3,1e-10,-10.0
Li3V0.2P0.8O4,2.05e-13,-12.688246139472124
Li3V0.4P0.6O4,3.2e-13,-12.494850020840047
Li3V0.6P0.4O4,3.55e-13,-12.449771648472453
Li3V0.8P0.2O4,1.31e-13,-12.883559097172117
Li3VO4,9.2e-14,-13.03621217
Li3YBr6,0.00192,-2.7166987712964503
Li3YCl6,0.000539,-3.2684112348132612
Li4.25Al0.25Si0.75O4,2.02e-08,-7.694824315276689
Li4.275Ga0.25Ge0.61S4,6.34e-05,-4.197
Li4.2Al0.2Si0.8S4,2.4e-08,-7.619788758288394
Li4.2Ga0.2Ge0.8S4,6.5e-05,-4.187
Li4.4Al0.4Ge0.6S4,4.3150000000000005e-05,-4.364765772210207
Li4.4Al0.4Si0.6S4,3.05e-08,-7.515700160653214
Li4.4Al0.4Sn0.6S4,4.345e-06,-5.361765772210207
Li4.4Ga0.4Ge0.6S4,1.63e-05,-4.787
Li4.4Ga0.4Sn0.6S4,3.2e-06,-5.494
Li4.6Al0.6Si0.4S4,1.46e-08,-7.835647144215563
Li4.8Al0.8Si0.2S4,6.495e-07,-6.305582258830055
Li49.6La24Zr14.4Ta1.6Al1.6O96,0.000614,-3.211831628858832
Li4Al0.33Si0.17Ge0.17P0.33O4,1.61e-06,-5.792
Li4Al0.33Si0.33P0.33O4,3.25e-06,-5.487558319510563
Li4B7ClO12,1.05e-06,-6.349485002168009
Li4BH10N3,0.0002,-3.698
Li4Ge(SeS)2,2.8e-05,-4.552841968657781
Li4GeO4,1.3e-12,-11.886056647693163
Li4GeS4,2.255e-07,-6.649485002168009
Li4GeSe3S,1.5e-05,-4.823908740944319
Li4GeSe4,5e-06,-5.301029995663981
Li4GeSeS3,8.5e-06,-5.070581074285707
Li4Nd3SbTeO12,8.7e-09,-8.060240373690691
Li4P2O7,1e-10,-10.0
Li4PS4I,9.13e-05,-4.061909376976188
Li4SiO4,2e-10,-9.698
Li4SiS4,4.93e-08,-7.30715308072277
Li4Sn(SeS)2,3.6e-05,-4.443697499232712
Li4Sn0.25Ge0.75Se4,6e-06,-5.221848749616356
Li4Sn0.5Ge0.5Se4,1.8e-06,-5.7447274948966935
Li4Sn0.75Ge0.25Se4,8.3e-07,-6.080921907623926
Li4SnS4,7e-05,-4.1544509799928715
Li4SnSe3S,9.5e-07,-6.022276394711152
Li4SnSe4,1.0022500000000001e-05,-6.022878745280337
Li4SnSeS3,7.5e-05,-4.1249387366083
Li4Zn(PO4)2,5.0000002775e-11,-13.627853508438662
Li5.08La3Zr0.39Ta1.51O12,0.000103,-3.987162775294828
Li5.2La3Y0.1Nb1.9O12,6.39e-05,-4.1944991418416
Li5.3La3Sm0.15Ta1.85O12,7.11e-06,-5.148130399270234
Li5.4La3Y0.2Nb1.8O12,6.74e-05,-4.17134010346468
Li5.4La3Y0.75Nb1.8O12,2.51e-05,-4.599663139259481
Li5.57La2.95Zr2Fe0.19O12,0.00138,-2.8601209135987635
Li5.5La3Nb1.75In0.25O12,2.4e-05,-4.619394379144197
Li5.5La3Sm0.25Ta1.75O12,5.17e-06,-5.286509456906058
Li5.5La3Y0.25Nb1.75O12,9.18e-05,-4.037157318798758
Li5.5La3Zr2Ga0.5O12,0.0001,-4.0
Li5.5Nd3Zr2Al0.5O12,3.9e-05,-4.4089353929735005
Li5.68La2.95Zr2Fe0.16O12,0.000935,-3.0291883891274822
Li5.72La3Zr1.5Al0.26W0.25O12,0.00049,-3.309803919971486
Li5.74La3Zr1.5Ta0.5O12,0.000903,-3.0443122496864943
Li5.7La3Sm0.35Ta1.65O12,2.15e-05,-4.667561540084395
Li5.9La3Sm0.45Ta1.55O12,1.18e-05,-4.928117992693875
Li51.2La24Zr16Al1.6O96,0.000254,-3.595166283380062
Li5AlO4,5e-10,-9.301029995663981
Li5AlS4,7e-09,-8.376435982160881
Li5B2P(H2S)4,0.00488,-2.421863747448347
Li5BiO5,3.9e-09,-8.4089353929735
Li5GaO4,5e-09,-8.301029995663981
Li5I2N,1.5e-07,-6.823
Li5La3(BiO6)2,2e-05,-4.698
Li5La3(SbO6)2,3.33e-06,-5.47755576649368
Li5La3Nb2O12,6.54e-06,-5.195523150362069
Li5La3Ta2O12,3.4e-06,-5.468
Li5La3Y0.05Nb1.95O12,1.34e-05,-4.872895201635193
Li5La3Y0.15Nb1.85O12,5.71e-06,-5.243363891754152
Li5La3Y0.1Nb1.9O12,1.44e-05,-4.841637507904751
Li5La3Y0.25Nb1.75O12,9.68e-06,-5.014124642691606
Li5La3Y0.2Nb1.8O12,9.13e-06,-5.039529222465701
Li5Nd3(SbO6)2,3.44e-07,-6.569528323846582
Li6.025Si0.025P0.975S5Br1,0.000878,-3.0565054840938974
Li6.02Si0.02P0.98S5Br1,0.000874,-3.058
Li6.05La3Zr2Ga0.25O11.8F0.2,0.00128,-2.8927900303521317
Li6.05Si0.05P0.95S5Br1,0.000439,-3.3572592815147893
Li6.075Si0.075P0.925S5Br1,0.000873,-3.0589857562944305
Li6.08Si0.08P0.92S5Br1,0.000864,-3.063
Li6.125Si0.125P0.875S5Br1,0.000902,-3.0447934624580584
Li6.12Si0.12P0.9S5Br1,0.0009,-3.045
Li6.13Si0.13P0.87S5Br1,0.000901,-3.045
Li6.15Ge0.15P0.85S5I1,3.93e-05,-4.405607449624573
Li6.15La3Zr1.75Ta0.25Al0.2O12,0.00037,-3.431798275933005
Li6.15La3Zr1.75Ta0.25Ga0.2O12,0.00041,-3.3872161432802645
Li6.175Si0.175P0.825S5Br1,0.000931,-3.0310503190186573
Li6.17Si0.17P0.83S5Br1,0.000929,-3.031
Li6.1Ge0.1P0.9S5I1,8.86e-06,-5.052566278112949
Li6.1La3Sm0.55Ta1.45O12,1.4e-05,-4.853871964321762
Li6.1Si0.1P0.95S5Br1,0.000799,-3.097453220686009
Li6.1Si0.1P0.9S5Br1,0.000805,-3.094
Li6.225Si0.225P0.775S5Br1,0.00108,-2.96657624451305
Li6.22Si0.22P0.78S5Br1,0.00108,-2.966
Li6.25Ge0.25P0.75S5I1,0.00015,-3.8239087409443187
Li6.25La3Zr2Ga0.25O12,0.00035,-3.455465977824862
Li6.25P1S5.25Cl0.75,0.014,-1.853
Li6.25Si0.25P0.75S5Br1,0.0014550000000000001,-2.83689044367231
Li6.26La3Zr2Al0.24O12,0.00021,-3.677780705266081
Li6.2Ge0.2P0.8S5I1,3.19e-05,-4.496209316942819
Li6.2La3Zr1.2Sb0.8O12,0.00045,-3.346393743112328
Li6.2La3Zr1.2Ta0.8O12,0.00032,-3.494425010840047
Li6.2La3Zr1.6Mo0.4O12,0.00034,-3.4685210829577446
Li6.2Si0.2P0.8S5Br1,0.001835,-2.737556647693163
Li6.35Si0.35P0.65S5Br1,0.00232,-2.6343920712949283
Li6.3Ge0.3P0.7S5I1,0.00065,-3.1870866433571443
Li6.3Si0.3P0.7S5Br1,0.00174,-2.7597580278930467
Li6.46La3Zr1.95Al0.15O11.86,8.3e-05,-4.08
Li6.4Ge0.4P0.6S5I1,0.0015,-2.8239087409443187
Li6.4La3Zr1.4Sb0.6O12,0.00066,-3.1802280322290657
Li6.4La3Zr1.4Ta0.6O12,0.0015300000000000001,-2.843
Li6.4La3Zr1.7Mo0.3O12,0.000369,-3.43297363384094
Li6.4La3Zr2Al0.19O11.8,0.00031,-3.508319153082864
Li6.4La3Zr2Ga0.2O12,0.0009,-3.045
Li6.55La3Zr1.55Ta0.45O12,0.0004,-3.3979400086720375
Li6.55La3Zr2Ga0.9O12,0.0013,-2.886
Li6.5Ge0.5P0.5S5I1,0.00186,-2.7304870557820835
Li6.5La3Y0.75Nb1.25O12,0.00027,-3.5683181179205063
Li6.5La3Zr1.5Ta0.5O12,0.000794,-3.1
Li6.5La3Zr1.75Mo0.25O12,0.000333,-3.4775557664936803
Li6.5La3Zr1.75Te0.25O12,0.0005635,-3.4816999141190412
Li6.5Si0.5P0.5S5Br1,0.002245,-2.6487779425799407
Li6.5Si0.5P1.5O8,4.49e-07,-6.347753658996677
Li6.65La3Zr1.65Ta0.35O12,0.00046,-3.337242168318426
Li6.6Ge0.6P0.4S5I1,0.00521,-2.2831622767004753
Li6.6La2.5Y0.5Zr1.6Ta0.4O12,0.000226,-3.6454457804262996
Li6.6La2.75Y0.25Zr1.6Ta0.4O12,0.000436,-3.360256755365707
Li6.6La2.875Y0.125Zr1.6Ta0.4O12,0.000317,-3.498470368891124
Li6.6La3Zr1.6Sb0.4O12,0.00077,-3.113254637413759
Li6.6La3Zr1.6Ta0.4O12,0.0006,-3.2322896409719135
Li6.6La3Zr1.8Mo0.2O12,0.000311,-3.5072396109731625
Li6.75La3Zr1.75Nb0.25O12,0.0008,-3.096455006504028
Li6.75La3Zr1.75Ta0.25O12,0.00075,-3.1302403736906905
Li6.75La3Zr1.875Te0.125O12,0.00018385,-3.9527430300610567
Li6.7Ge0.7P0.3S5I1,0.00554,-2.25649023527157
Li6.7La3Zr1.7Ta0.3O12,0.0008600000000000001,-3.074075454631372
Li6.8Ge0.8P0.2S5I1,0.00258,-2.58838029403677
Li6.8La3Zr1.8Sb0.2O12,5.9e-05,-4.229073994178928
Li6.8La3Zr1.8Ta0.2O12,0.00028,-3.552
Li6.8La3Zr1.9Mo0.1O12,8e-05,-4.096910013008056
Li6Br3N,1.6e-07,-7.2545
Li6CaLa2Nb2O12,1.6e-06,-5.7954400086720375
Li6CaLa2Ta2O12,2.2e-06,-5.657577319177793
Li6CoCl8,1.51e-06,-5.821
Li6Cu(B2O5)2,1e-13,-13.0
Li6FeCl8,8.97e-08,-7.047
Li6Ge2O7,8.5e-07,-6.070581074285707
Li6La2MgTa2O12,1.92e-07,-6.716
Li6La3Y0.5Nb1.5O12,0.000188,-3.72542107536816
Li6La3ZrSbO12,0.00026,-3.5850133260145913
Li6La3ZrTaO12,0.00016,-3.795
Li6NiCl8,2.69e-10,-9.569
Li6P1S5Br0.25Cl0.75,0.00226,-2.6458915608525992
Li6P1S5Br0.5Cl0.5,0.00333,-2.4775557664936803
Li6P1S5Br0.75Cl0.25,0.00186,-2.7304870557820835
Li6P1S5I0.25Br0.75,0.000112,-3.9507819773298185
Li6P1S5I0.5Br0.5,2.62e-05,-4.581698708680254
Li6P1S5I0.75Br0.25,4.72e-06,-5.3260580013659125
Li6P1Se0.1S4.9Br1,0.0032,-2.494850021680094
Li6P1Se0.2S4.8Br1,0.00392,-2.406713932979543
Li6P1Se0.3S4.7Br1,0.00362,-2.441291429466834
Li6P1Se0.4S4.6Br1,0.00364,-2.438898616350944
Li6P1Se0.5S4.5Br1,0.00268,-2.571865205971211
Li6P1Se0.6S4.4Br1,0.00278,-2.555955204081924
Li6P1Se0.7S4.3Br1,0.00301,-2.5214335044061564
Li6P1Se0.8S4.2Br1,0.00348,-2.4584207560534193
Li6P1Se0.9S4.1Br1,0.00382,-2.417936637088291
Li6PClO5,1e-09,-9.0
Li6PS5Br,0.0006975,-3.1561409910166707
Li6PS5Cl,0.000537,-3.27
Li6PS5I,0.00011065,-4.771816983435478
Li6PSeS4Br,0.00361,-2.4424927980943423
Li6Si(ClO2)2,1e-10,-10.0
Li6Zr2O7,5.2e-10,-9.2839966563652
Li7.06La3Y0.06Zr1.94O12,0.000883,-3.0552574905606753
Li7.22Si1.5P0.5O8,1.64e-07,-6.785156151952302
Li7BiO6,1.58489e-06,-5.800000874803203
Li7Ge3PS12,0.00011,-3.9583036574208874
Li7GePS8,0.007,-2.154901959985743
Li7La3Hf2O12,9.85e-07,-6.006563769502388
Li7La3Ta2O13,2.65e-06,-5.576377063031596
Li7La3Zr1.89Al0.15O12,0.00034,-3.4682605414788723
Li7La3Zr2O12,2.3e-05,-4.638
Li7P3S11,0.0032,-2.494
Li7SbO6,6.7e-08,-7.173925197299173
Li8GeP4,5.2000000000000004e-05,-4.4051145218265635
Li8SiP4,4.5e-05,-4.346787486224656
Li9.54Si1.74P1.44S11.7Cl0.3,0.025,-1.6020299956639812
Li9.6P3S12,0.00139,-2.8609093769761875
Li9.81Sn0.81P2.19S12,0.0055,-2.259318655252878
Li9AlSiO8,2.3e-07,-6.638
Li9Mg3P4O16F3,1e-10,-10.0
LiAl(SiO3)2,3.49e-09,-8.457
LiAlCl4,1e-06,-6.0
LiAlGeO4,1e-10,-10.0
LiAlH4,5.35e-09,-8.379240373690692
LiAlSb(PO4)3,3.17e-08,-7.498470368891125
LiB6O9F,1e-10,-10.0
LiBH4,9.89e-08,-7.004
LiBO2,1e-08,-8.0
LiBiO2,3.8e-08,-7.42021640338319
LiCaTiNbO6,6.07e-07,-6.216
LiCeB3H12Cl,0.000103,-3.987162775294828
LiCrSb(PO4)3,3.57e-10,-9.447165891943904
LiF,1.18e-14,-13.92960042
LiFePO4,1.1e-09,-8.958
LiFeSb(PO4)3,1.37e-06,-5.863139716421797
LiGa2GeS6,3.8e-08,-7.42021640338319
LiGaBr4,7e-06,-5.154901959985743
LiGaGeO4,1e-10,-10.0
LiGaO2,2.4e-14,-13.619788758288394
LiGaSiO4,1.08e-11,-10.9652893
LiGd(PO3)4,1e-10,-10.0
LiGe2(PO4)3,5.265e-07,-6.30977788324684
LiH7C3NClO,0.00016,-3.795880017344075
LiHf2(PO4)3,6.85e-07,-6.164309428507575
LiHfTi(PO4)3,5.63e-07,-6.249
LiI,2.8e-08,-7.552
LiLaNb2O7,1e-08,-8.0
LiLaO2,1e-10,-10.0
LiLaTi2O6,0.001,-3.0
LiLaTiO4,1e-10,-10.0
LiMgPO4,6.31e-12,-11.19997064
LiNdTiO4,1e-10,-10.0
LiPS3,7.8e-11,-10.10790539730952
LiSbO2,1e-10,-10.0
LiScO2,1e-10,-10.0
LiSi2N3,6.17e-08,-7.209714835966758
LiSn2(PO4)3,2e-09,-8.698
LiTa2PO8,0.0016,-2.7954400086720375
LiTaAl(PO4)3,6.5e-07,-6.187043321678573
LiTi2(PO4)3,3.1e-05,-4.9604093769761874
LiVO3,2.05e-09,-8.688246138944246
LiVPO4F,8.1e-07,-6.0915149811213505
LiYO2,1.8e-08,-7.7447274948966935
LiZnPS4,5.4e-08,-7.267606240177032
LiZr2(PO4)3,5e-08,-7.301
LiZrTi(PO4)3,4e-08,-7.397
Na0.125Li0.375La0.5Ti1O3,0.000158,-3.8
Na0.1Li0.1La0.6Ti1O3,6.15e-05,-4.211
Na0.1Li0.4La0.5Nb2O6,9.92e-06,-5.0034883278458215
Na0.2Li0.3La0.5Nb2O6,1.11e-05,-4.954677021213342
Na0.3Li0.2La0.5Nb2O6,1.18e-05,-4.928117992693875
Na0.43Li0.07La0.5Nb2O6,1.23e-05,-4.910094888560602
Na0.46Li0.04La0.5Nb2O6,5.91e-06,-5.228412519118745
Na0.48Li0.02La0.5Nb2O6,3.99e-06,-5.399027104313252
Na0.4Li0.1La0.5Nb2O6,1.21e-05,-4.91721462968355
Na5Li3(TiS4)2,8.8e-06,-5.055517327849831
NaLi2B(PO4)2,4.4e-18,-17.356547323513812
Sr0.06Li0.06La0.6Ti1O3,1.13e-05,-4.94692155651658
Sr0.15Li0.15La0.51Ti1O3,5.3e-05,-4.275362065199605
Sr0.1Li0.1La0.56Ti1O3,1.37e-05,-4.863279432843593
Sr0.1Li1La0.9O2,6.29e-10,-9.201349354554731
Sr0.25Li0.25La0.41Ti1O3,7.64e-05,-4.116453320712155
Sr0.275Li0.275La0.385Ti1O3,6.04e-05,-4.218963061378868
Sr0.3Li0.3La0.36Ti1O3,1.92e-05,-4.716698771296451
Sr0.4375Li0.375Hf0.25Ta0.75O3,0.00038,-3.42021640338319
Sr0.5Li0.5Ta0.75Cr0.25O3,6.155e-05,-4.210924374808178
Sr0.5Li0.5Ta0.75Fe0.25O3,0.00011300000000000001,-3.95
Sr0.6Li0.3Ta0.5Ti0.2Fe0.3O3,1e-07,-7.0
Sr0.6Li0.3Ta0.5Ti0.35Fe0.15O3,2.8e-05,-4.552
Sr0.6Li0.3Ta0.5Ti0.45Fe0.05O3,6e-05,-4.221
Sr0.6Li0.3Ta0.5Ti0.4Fe0.1O3,3.6e-05,-4.443
Sr0.6Li0.3Ta0.5Ti0.5O3,0.00017,-3.769
Sr0.6Li0.3Ti0.5Nb0.5O3,5.4e-06,-5.267
Sr0.8Li0.1Ti0.7Nb0.3O3,1e-08,-8.0
Sr0.9Li1Nb2O6F0.8,1e-10,-10.0
Sr0.9Li1Ta2O6F0.8,1e-10,-10.0
Sr1.65Li1Ta1.7Ti1.3O9,4.9e-05,-4.309
Sr1.65Li1Ti1.3Nb1.7O9,2e-05,-4.698
Sr1.65Li1Zr1.3Ta1.7O9,1.3e-05,-4.886
Sr1Li1.1Zr0.1Nb1.9O6F1,1e-10,-10.0
Sr1Li1.1Zr0.1Ta1.9O6F1,1e-10,-10.0
Sr2Li2Al(PO4)3,1e-10,-10.0
Sr2LiTaTi2O9,3.2e-05,-4.494
Sr2LiTi2NbO9,1e-06,-6.0
Sr3Li4Nb5.77Fe0.23O19.77,1e-10,-10.0
Sr3Li4Nb6O20,1e-10,-10.0
SrLi6La2(BiO6)2,2e-05,-4.698970004336019
SrLi6La2(SbO6)2,6.3e-06,-5.200659450546418
SrLi6La2Nb2O12,3.9449999999999995e-06,-5.404862171721519
SrLi6La2Ta2O12,7e-06,-5.1544509799928715
SrLiNb2O6F,1e-10,-10.0
SrLiTa2O6F,1e-10,-10.0
SrLiTaTiO6,0.00055,-3.259
SrLiTiNbO6,1e-06,-6.0
